Battery capacity (mAh),Screen size (inches),Touchscreen,Resolution x,Resolution y,Processor,RAM (MB),Internal storage (GB),Rear camera,Front camera,Operating system,Wi-Fi,Bluetooth,GPS,Number of SIMs,3G,4G/ LTE,Price
4085,6.67,Yes,1440,3120,8,12000,256,48,16,Android,Yes,Yes,Yes,2,Yes,Yes,58998
4000,6.5,Yes,1080,2400,8,6000,64,64,16,Android,Yes,Yes,Yes,2,Yes,Yes,27999
3969,6.5,Yes,1242,2688,6,4000,64,12,12,iOS,Yes,Yes,Yes,2,Yes,Yes,106900
3110,6.1,Yes,828,1792,6,4000,64,12,12,iOS,Yes,Yes,Yes,2,Yes,Yes,62900
4000,6.4,Yes,1080,2340,8,6000,128,12,32,Android,Yes,Yes,Yes,1,No,No,49990
3800,6.55,Yes,1080,2400,8,8000,128,48,16,Android,Yes,Yes,No,2,Yes,Yes,34930
4085,6.67,Yes,1440,3120,8,8000,256,48,16,Android,Yes,Yes,Yes,2,Yes,Yes,52990
4300,6.8,Yes,1440,3040,8,12000,256,12,10,Android,Yes,Yes,Yes,2,Yes,Yes,79699
6000,6.59,Yes,1080,2340,8,8000,128,48,24,Android,Yes,Yes,Yes,1,Yes,Yes,37999
4000,6.39,Yes,1080,2340,8,6000,128,48,20,Android,Yes,Yes,Yes,2,No,No,23190
3765,6.5,Yes,1080,2340,8,6000,64,16,16,Android,Yes,Yes,Yes,2,Yes,Yes,23990
3765,6.53,Yes,1080,2340,8,4000,128,48,16,Android,Yes,Yes,Yes,2,Yes,Yes,14999
4000,6.39,Yes,1080,2340,8,6000,64,48,20,Android,Yes,Yes,Yes,2,Yes,Yes,19282
4000,6.67,Yes,1440,3120,8,6000,128,48,16,Android,Yes,Yes,Yes,2,Yes,Yes,39995
4065,6.6,Yes,1080,2340,8,6000,128,48,16,Android,Yes,Yes,Yes,2,Yes,Yes,36990
4045,6.3,Yes,1080,2340,8,4000,64,16,25,Android,Yes,Yes,Yes,2,Yes,Yes,13999
4200,6.47,Yes,1080,2340,8,8000,256,40,32,Android,Yes,Yes,No,2,Yes,Yes,54280
4000,6.3,Yes,1080,2340,8,4000,64,48,13,Android,Yes,Yes,Yes,2,Yes,Yes,9799
4200,6.39,Yes,1440,3120,8,6000,128,40,24,Android,Yes,Yes,Yes,2,Yes,Yes,63990
3300,6.4,Yes,1440,3120,8,6000,128,12,8,Android,Yes,Yes,Yes,2,Yes,Yes,29999
3700,6.41,Yes,1080,2340,8,6000,128,16,16,Android,Yes,Yes,Yes,2,Yes,Yes,31999
2942,6.1,Yes,828,1792,6,3000,64,12,7,iOS,Yes,Yes,Yes,2,Yes,Yes,45499
2658,6.5,Yes,1242,2688,6,4000,64,12,7,iOS,Yes,Yes,Yes,2,Yes,Yes,69999
2658,5.8,Yes,1125,2436,6,4000,64,12,7,iOS,Yes,Yes,Yes,2,Yes,Yes,59999
3430,6.3,Yes,1440,2960,8,4000,64,12.2,8,Android,Yes,Yes,Yes,1,Yes,Yes,47990
2915,5.5,Yes,1080,2160,8,4000,64,12.2,8,Android,Yes,Yes,Yes,1,Yes,Yes,37999
4000,6,Yes,1080,2160,8,8000,128,12,8,Android,Yes,Yes,Yes,2,Yes,Yes,69999
4000,6.4,Yes,1440,2960,8,6000,128,12,8,Android,Yes,Yes,Yes,2,Yes,Yes,56999
3000,6.1,Yes,1440,3120,8,6000,128,16,8,Android,Yes,Yes,Yes,2,Yes,Yes,37999
5000,5.99,Yes,1080,2160,8,3000,32,13,8,Android,Yes,Yes,Yes,2,Yes,Yes,9990
4000,6.1,Yes,1080,2240,8,4000,64,40,24,Android,Yes,Yes,Yes,2,No,Yes,49990
3300,6.28,Yes,1080,2280,8,6000,64,16,16,Android,Yes,Yes,Yes,2,Yes,Yes,34999
3300,6.2,Yes,1080,2246,8,4000,64,12,8,Android,Yes,Yes,Yes,2,Yes,Yes,18999
4000,5.99,Yes,1080,2160,8,4000,64,12,20,Android,Yes,Yes,Yes,2,Yes,Yes,9349
3800,6,Yes,1080,2160,8,4000,64,12,16,Android,Yes,Yes,Yes,2,Yes,Yes,12000
3500,6.2,Yes,1440,2960,8,6000,64,12,8,Android,Yes,Yes,Yes,2,Yes,Yes,29999
3000,5.8,Yes,1440,2960,8,4000,64,12,8,Android,Yes,Yes,Yes,2,Yes,Yes,26999
3930,6,Yes,1440,2560,8,6000,128,12,8,Android,Yes,Yes,Yes,2,Yes,Yes,52990
3300,6.3,Yes,1440,2960,8,6000,64,12,8,Android,Yes,Yes,Yes,2,Yes,Yes,49999
1821,4.7,Yes,750,1334,6,2000,64,12,7,iOS,Yes,Yes,Yes,1,Yes,Yes,36999
2691,5.5,Yes,1080,1920,6,3000,64,12,7,iOS,Yes,Yes,Yes,1,Yes,Yes,47000
2716,5.8,Yes,1125,2436,6,3000,64,12,7,iOS,Yes,Yes,Yes,1,Yes,Yes,69999
2730,5.5,Yes,1440,2560,8,6000,64,12,5,Android,Yes,Yes,Yes,1,Yes,Yes,20999
3000,5.5,Yes,1440,2560,8,6000,128,12,16,Android,Yes,Yes,Yes,2,Yes,Yes,53990
3090,5.3,Yes,1440,2560,8,4000,64,13,13,Android,Yes,Yes,Yes,2,Yes,Yes,14994
3500,6.2,Yes,1440,2960,8,4000,64,12,8,Android,Yes,Yes,Yes,1,Yes,Yes,30000
3000,5.8,Yes,1440,2960,8,4000,64,12,8,Android,Yes,Yes,Yes,1,Yes,Yes,26994
3300,5.7,Yes,1440,2880,1,3000,32,13,5,Android,Yes,Yes,Yes,1,Yes,Yes,23990
3400,5.5,Yes,1080,1920,4,6000,64,16,16,Android,Yes,Yes,Yes,2,Yes,Yes,19999
4000,6,Yes,1080,1920,8,6000,64,16,16,Android,Yes,Yes,Yes,2,No,Yes,16999
3450,5.5,Yes,1440,2560,4,4000,32,12.3,8,Android,Yes,Yes,Yes,1,Yes,Yes,30990
2900,5.5,Yes,1080,1920,4,3000,32,12,7,iOS,Yes,Yes,Yes,1,Yes,Yes,34999
1960,4.7,Yes,750,1334,4,2000,32,12,7,iOS,Yes,Yes,Yes,1,Yes,Yes,27999
3000,5.2,Yes,1080,1920,8,4000,32,12,8,Android,Yes,Yes,Yes,2,Yes,Yes,20246
3000,5.5,Yes,1080,1920,4,6000,64,16,8,Android,Yes,Yes,Yes,2,Yes,Yes,22999
3000,5.7,Yes,1080,1920,4,6000,256,23,8,Android,Yes,Yes,Yes,2,Yes,Yes,44999
3000,5.15,Yes,1080,1920,4,3000,32,16,4,Android,Yes,Yes,Yes,2,Yes,Yes,24999
3600,5.5,Yes,1440,2560,8,4000,32,12,5,Android,Yes,Yes,Yes,2,Yes,Yes,39996
3000,5.1,Yes,1440,2560,8,4000,32,12,5,Android,Yes,Yes,Yes,2,Yes,Yes,23999
3760,5.4,Yes,1440,2560,8,3000,32,21,5,Android,Yes,Yes,Yes,1,Yes,Yes,6994
3450,5.7,Yes,1440,2560,8,3000,32,12.3,8,Android,Yes,Yes,Yes,1,Yes,Yes,42998
2750,5.5,Yes,1080,1920,1,2000,16,12,5,iOS,Yes,Yes,Yes,1,Yes,Yes,25990
2500,5.5,Yes,1080,1920,8,2000,16,13,5,Cyanogen,Yes,Yes,Yes,2,Yes,Yes,5995
3050,5.7,Yes,1080,1920,8,2000,32,16,5,Android,Yes,Yes,Yes,2,Yes,Yes,7299
2550,5.1,Yes,1440,2560,8,3000,32,16,5,Android,Yes,Yes,Yes,1,Yes,Yes,25999
2500,5.5,Yes,720,1280,8,2000,16,13,5,Cyanogen,Yes,Yes,Yes,2,Yes,Yes,3999
3100,5.5,Yes,720,1280,8,2000,8,13,5,Android,Yes,Yes,Yes,2,Yes,No,7999
5000,6.52,Yes,720,1600,8,3000,32,12,5,Android,Yes,Yes,Yes,2,Yes,Yes,6999
4500,6.67,Yes,1080,2400,8,6000,64,64,20,Android,Yes,Yes,Yes,2,Yes,Yes,15999
4500,6.7,Yes,1080,2400,8,8000,128,48,32,Android,Yes,Yes,Yes,1,No,No,39999
5000,6.52,Yes,720,1600,8,4000,64,12,8,Android,Yes,Yes,Yes,2,Yes,Yes,8999
4500,6.7,Yes,1080,2400,8,6000,128,12,32,Android,Yes,Yes,Yes,1,No,No,38999
4500,6.44,Yes,1080,2400,8,8000,128,48,32,Android,Yes,Yes,Yes,2,Yes,Yes,21150
5000,6.53,Yes,1080,2340,8,4000,64,16,16,Android,Yes,Yes,Yes,2,Yes,Yes,10990
5000,6.5,Yes,720,1600,8,4000,64,48,13,Android,Yes,Yes,Yes,2,Yes,Yes,9999
4000,6.4,Yes,1080,2340,8,4000,64,64,32,Android,Yes,Yes,Yes,2,Yes,Yes,16999
4100,6.44,Yes,1080,2400,8,8000,128,48,32,Android,Yes,Yes,Yes,2,Yes,Yes,26220
5000,6.65,Yes,1080,2340,8,8000,128,48,16,Android,Yes,Yes,No,2,Yes,Yes,47999
6000,6.4,Yes,1080,2340,8,4000,64,48,16,Android,Yes,Yes,Yes,2,Yes,Yes,12999
4500,6.38,Yes,1080,2340,8,4000,128,48,32,Android,Yes,Yes,Yes,2,Yes,Yes,15990
4000,6.53,Yes,1080,2340,8,8000,256,48,16,Android,Yes,Yes,No,1,No,No,23100
4000,6.4,Yes,1080,2340,8,4000,64,64,16,Android,Yes,Yes,Yes,2,Yes,Yes,14999
4500,6.53,Yes,1080,2340,8,6000,64,64,20,Android,Yes,Yes,Yes,2,Yes,Yes,13999
3500,6.3,Yes,1080,2340,8,4000,64,48,20,Android,Yes,Yes,No,2,Yes,Yes,15377
4000,6.4,Yes,1080,2340,8,4000,128,48,32,Android,Yes,Yes,Yes,2,Yes,Yes,16650
4035,6.3,Yes,1080,2340,8,4000,64,48,16,Android,Yes,Yes,Yes,2,Yes,Yes,11999
5000,6.5,Yes,720,1600,8,3000,32,12,13,Android,Yes,Yes,Yes,2,Yes,Yes,8600
5000,6.53,Yes,1080,2340,8,4000,64,16,32,Android,Yes,Yes,Yes,2,Yes,Yes,12990
4030,6.08,Yes,720,1560,8,4000,64,48,32,Android,Yes,Yes,Yes,2,Yes,Yes,11845
5000,6.4,Yes,1080,2340,8,6000,64,48,48,Android,Yes,Yes,Yes,2,Yes,Yes,27999
3500,6.3,Yes,1080,2340,8,6000,128,32,16,Android,Yes,Yes,Yes,2,Yes,Yes,16879
4000,6.3,Yes,1080,2340,8,3000,32,48,13,Android,Yes,Yes,Yes,2,Yes,Yes,8649
3500,6.3,Yes,1080,2520,8,4000,128,48,25,Android,Yes,Yes,Yes,2,Yes,Yes,13690
5000,6.65,Yes,1080,2340,8,8000,128,48,16,Android,Yes,Yes,No,2,Yes,Yes,35999
4020,6.53,Yes,1080,2340,8,4000,128,16,16,Android,Yes,Yes,No,2,Yes,Yes,11990
3700,6,Yes,1080,2160,8,4000,64,12.2,8,Android,Yes,Yes,Yes,1,Yes,Yes,34999
4500,6.7,Yes,1080,2400,8,6000,128,32,32,Android,Yes,Yes,Yes,2,Yes,Yes,22299
4000,6.39,Yes,1080,2340,8,6000,128,48,20,Android,Yes,Yes,Yes,2,Yes,Yes,29999
3700,6.41,Yes,1080,2340,8,6000,128,48,16,Android,Yes,Yes,Yes,2,Yes,Yes,29999
3550,6.2,Yes,1080,2248,8,6000,64,12,8,Android,Yes,Yes,Yes,2,Yes,Yes,39990
3700,6.39,Yes,1080,2340,8,6000,128,48,32,Android,Yes,Yes,Yes,2,Yes,Yes,17973
4000,6.3,Yes,1080,2340,8,3000,32,12,13,Android,Yes,Yes,Yes,2,Yes,Yes,9699
4000,6.26,Yes,720,1520,8,2000,16,12,8,Android,Yes,Yes,Yes,2,Yes,Yes,7332
5000,6.3,Yes,1080,2340,8,3000,32,13,8,Android,No,Yes,Yes,2,Yes,Yes,9999
5000,6.4,Yes,1080,2340,8,3000,32,13,16,Android,Yes,Yes,Yes,2,Yes,Yes,9499
4000,6.4,Yes,1080,2310,8,6000,128,48,25,Android,Yes,Yes,Yes,1,No,No,25120
5000,6.26,Yes,1080,2280,8,3000,32,12,13,Android,Yes,Yes,Yes,2,Yes,Yes,11999
3000,5.6,Yes,1080,2220,8,4000,64,12.2,8,Android,Yes,Yes,Yes,1,Yes,Yes,30999
3500,6.3,Yes,1080,2340,8,3000,32,13,25,Android,Yes,Yes,Yes,2,Yes,Yes,8999
3400,6.21,Yes,1080,2340,8,3000,32,13,24,Android,Yes,Yes,Yes,2,Yes,Yes,7999
3500,6.18,Yes,1080,2244,8,4000,64,12,20,Android,Yes,Yes,Yes,2,Yes,Yes,18000
3800,6.3,Yes,1080,2220,8,6000,128,24,24,Android,Yes,Yes,Yes,2,Yes,Yes,22000
3600,6.41,Yes,1080,2340,8,4000,64,16,25,Android,Yes,Yes,Yes,1,No,No,9990
3060,5.84,Yes,1080,2280,8,4000,64,12,8,Android,Yes,Yes,Yes,2,No,No,11900
3500,6.3,Yes,1080,2340,8,4000,64,16,16,Android,Yes,Yes,Yes,2,Yes,Yes,11770
3260,6.3,Yes,1080,2280,8,4000,64,13,16,Android,Yes,Yes,Yes,2,Yes,Yes,16490
3300,6,Yes,1080,2220,8,4000,64,24,24,Android,Yes,Yes,Yes,2,No,Yes,16490
4000,6.26,Yes,1080,2280,8,4000,64,12,20,Android,Yes,Yes,Yes,2,Yes,Yes,9580
3400,6.41,Yes,1080,2340,8,6000,64,12,25,Android,Yes,Yes,Yes,2,Yes,Yes,14990
3700,6.4,Yes,1080,2340,8,8000,128,12,25,Android,Yes,Yes,Yes,2,Yes,Yes,21299
3060,5.86,Yes,720,1520,8,3000,32,13,8,Android,Yes,Yes,Yes,2,Yes,Yes,6999
3750,6.5,Yes,1080,2340,8,4000,64,20,16,Android,Yes,Yes,Yes,2,Yes,Yes,9999
4000,6.18,Yes,1080,2246,8,6000,64,12,20,Android,Yes,Yes,Yes,2,Yes,Yes,14990
3060,5.8,Yes,1080,2280,8,4000,64,16,16,Android,Yes,Yes,Yes,2,Yes,Yes,8999
4000,6.59,Yes,1080,2316,8,8000,128,12,8,Android,Yes,Yes,Yes,2,Yes,Yes,29999
3730,6.42,Yes,1080,2340,8,8000,256,16,25,Android,Yes,Yes,Yes,2,Yes,Yes,59090
3750,6.3,Yes,1080,2340,8,4000,64,16,16,Android,Yes,Yes,Yes,2,Yes,Yes,18011
3410,6,Yes,1080,2160,8,3000,32,13,8,Android,Yes,Yes,Yes,2,Yes,Yes,10299
3000,5.99,Yes,1080,2160,8,4000,64,12,20,Android,Yes,Yes,Yes,2,Yes,Yes,8990
3400,5.84,Yes,1080,2280,8,6000,128,16,24,Android,Yes,Yes,Yes,2,Yes,Yes,16990
3400,6.23,Yes,1080,2280,8,4000,64,16,25,Android,Yes,Yes,Yes,2,Yes,Yes,18990
3200,6.28,Yes,1080,2280,8,6000,64,12,12,Android,Yes,Yes,Yes,2,Yes,Yes,18290
3260,5.5,Yes,1440,2560,8,6000,128,12,5,Android,Yes,Yes,Yes,1,Yes,Yes,13999
4000,5.65,Yes,720,1440,8,3000,32,13,20,Android,Yes,Yes,Yes,2,Yes,Yes,9999
3000,5.5,Yes,1080,1920,8,3000,32,16,8,Android,Yes,Yes,Yes,2,Yes,Yes,8849
3750,5.99,Yes,1080,2160,8,6000,128,16,13,Android,Yes,Yes,Yes,2,Yes,Yes,15899
4350,5.98,Yes,1080,1920,8,6000,128,12,16,Android,Yes,Yes,Yes,2,Yes,Yes,15900
3200,6,Yes,1080,2160,8,4000,32,16,20,Android,Yes,Yes,Yes,2,Yes,Yes,10499
3300,6.01,Yes,1080,2160,8,6000,64,16,16,Android,Yes,Yes,Yes,2,Yes,Yes,28499
3340,5.9,Yes,1080,2160,8,4000,64,16,16,Android,Yes,Yes,Yes,2,Yes,Yes,8999
3400,5.99,Yes,1080,2160,8,6000,64,12,5,Android,Yes,Yes,Yes,2,Yes,Yes,29999
4000,5.2,Yes,1080,1920,8,3000,32,13,8,Android,Yes,Yes,Yes,2,Yes,Yes,6990
3080,5.5,Yes,1080,1920,8,4000,32,12,5,Android,Yes,Yes,Yes,2,Yes,Yes,9999
2700,5.2,Yes,1080,1920,8,4000,32,19,13,Android,Yes,Yes,Yes,2,Yes,Yes,34990
3300,6,Yes,1440,2880,8,4000,128,16,5,Android,Yes,Yes,Yes,2,Yes,Yes,27999
4000,5.5,Yes,1080,1920,10,3000,32,13,13,Android,Yes,Yes,Yes,2,Yes,Yes,7299
3000,5.2,Yes,1080,1920,8,3000,32,16,5,Android,Yes,Yes,Yes,2,Yes,Yes,9999
3520,6,Yes,1440,2880,8,4000,64,12.2,8,Android,Yes,Yes,Yes,1,Yes,Yes,12994
2700,5,Yes,1080,1920,8,4000,64,12.2,8,Android,Yes,Yes,Yes,1,Yes,Yes,9994
3000,5.2,Yes,1080,1920,8,3000,32,12,16,Android,Yes,Yes,Yes,2,Yes,Yes,12500
3000,5.5,Yes,1080,1920,8,3000,32,13,8,Android,Yes,Yes,Yes,2,Yes,Yes,8500
3300,5.7,Yes,720,1440,8,2000,16,12,5,Android,Yes,Yes,Yes,2,Yes,Yes,6499
4000,5.99,Yes,1080,2160,8,3000,32,12,5,Android,Yes,Yes,Yes,2,Yes,Yes,8699
2000,2.4,No,240,320,2,512,4,2,0.3,Cyanogen,Yes,Yes,Yes,1,No,Yes,1249
3300,5.7,Yes,1080,1920,8,4000,32,13,13,Android,Yes,Yes,Yes,2,Yes,Yes,9890
3000,5.5,Yes,1080,1920,8,4000,64,12,5,Android,Yes,Yes,Yes,2,Yes,Yes,10499
3000,5,Yes,1080,1920,8,4000,32,13,8,Android,Yes,Yes,Yes,2,Yes,Yes,5990
5300,6.44,Yes,1080,1920,8,4000,32,12,5,Android,Yes,Yes,Yes,2,Yes,Yes,8999
4060,5.5,Yes,1080,1920,8,6000,64,13,8,Android,Yes,Yes,No,2,No,Yes,8999
3300,5.5,Yes,1080,1920,8,6000,64,16,16,Android,Yes,Yes,Yes,2,Yes,Yes,17499
5000,5.5,Yes,1080,1920,8,4000,64,12,13,Android,Yes,Yes,Yes,2,Yes,Yes,26999
4000,5.7,Yes,1440,2560,8,6000,128,12,8,Android,Yes,Yes,Yes,2,No,Yes,17586
3200,5.5,Yes,1080,1920,8,4000,128,13,13,Android,Yes,Yes,Yes,2,Yes,Yes,13999
4000,6,Yes,1080,1920,8,4000,64,16,16,Android,Yes,Yes,Yes,2,Yes,Yes,13990
3230,5.5,Yes,2160,3840,8,4000,64,19,13,Android,Yes,Yes,Yes,2,Yes,Yes,33500
3000,5.2,Yes,1080,1920,8,3000,16,12,5,Android,Yes,Yes,Yes,2,Yes,Yes,10900
5000,5.2,Yes,720,1280,8,3000,32,13,8,Android,Yes,Yes,No,2,Yes,Yes,14999
3300,5.7,Yes,1080,1920,1,4000,64,16,16,Android,Yes,Yes,Yes,2,Yes,Yes,16999
2500,5.2,Yes,1080,1920,8,4000,64,16,16,Android,Yes,Yes,Yes,2,Yes,Yes,15500
3000,5.7,Yes,1440,2560,4,4000,64,12,16,Android,Yes,Yes,Yes,2,Yes,Yes,54665
3300,5.7,Yes,1440,2560,4,8000,128,23,8,Android,Yes,Yes,Yes,2,Yes,Yes,49999
3120,5,Yes,720,1280,4,2000,16,13,5,Android,Yes,Yes,Yes,2,Yes,Yes,6999
4100,5,Yes,720,1280,8,2000,16,13,5,Android,Yes,Yes,Yes,2,Yes,Yes,8999
3000,5.2,Yes,1080,1920,8,4000,64,23,13,Android,Yes,Yes,Yes,2,Yes,Yes,16999
3500,5,Yes,1080,1920,4,3000,32,13,8,Android,Yes,Yes,Yes,2,Yes,Yes,11499
3200,5.7,Yes,1440,2560,4,4000,64,16,5,Android,Yes,Yes,Yes,2,Yes,Yes,26999
4000,5,Yes,1080,1920,8,3000,32,13,8,Android,Yes,Yes,Yes,2,Yes,Yes,8500
2900,5.2,Yes,1080,1920,4,3000,64,23,13,Android,Yes,Yes,Yes,2,Yes,Yes,11999
3300,5.5,Yes,1080,1920,8,3000,16,13,8,Android,Yes,Yes,Yes,2,Yes,Yes,15995
3510,5.5,Yes,1080,1920,8,3000,32,16,5,Android,Yes,Yes,Yes,2,Yes,Yes,8990
4100,5.5,Yes,1080,1920,8,2000,32,13,5,Android,Yes,Yes,Yes,2,Yes,Yes,9990
4100,5,Yes,720,1280,8,3000,32,13,5,Android,Yes,Yes,Yes,2,Yes,Yes,8000
2600,5.5,Yes,1440,2560,4,4000,64,13,5,Android,Yes,Yes,Yes,2,Yes,Yes,11999
3000,5.5,Yes,1080,1920,8,4000,64,16,8,Android,Yes,Yes,Yes,2,Yes,Yes,14999
3000,5.5,Yes,1080,1920,8,4000,32,13,4,Android,Yes,Yes,Yes,2,Yes,Yes,5490
3000,5.5,Yes,1080,1920,8,2000,16,16,5,Android,Yes,Yes,Yes,2,Yes,Yes,5999
2800,5.5,Yes,1080,1920,8,4000,64,13,5,Android,Yes,Yes,Yes,2,Yes,Yes,8499
4850,6.44,Yes,1080,1920,6,3000,32,16,5,Android,Yes,Yes,Yes,2,Yes,Yes,11990
4100,5.5,Yes,1080,1920,4,3000,64,13,8,Android,Yes,Yes,Yes,2,Yes,Yes,7499
3000,5.5,Yes,1080,1920,8,3000,32,16,8,Android,Yes,Yes,Yes,2,Yes,Yes,6999
3100,5.7,Yes,1440,2560,4,4000,32,21,8,Android,Yes,Yes,Yes,2,Yes,Yes,7790
3000,5.2,Yes,1080,1920,8,3000,32,12,8,Android,Yes,Yes,Yes,1,Yes,Yes,39999
1624,4,Yes,640,1136,1,2000,16,12,1.2,iOS,Yes,Yes,Yes,1,Yes,Yes,16999
2800,5.3,Yes,1440,2560,4,4000,32,16,8,Android,Yes,Yes,Yes,2,Yes,Yes,10999
2500,5,Yes,720,1280,8,3000,16,13,8,Android,Yes,Yes,Yes,2,Yes,Yes,8999
2900,5.2,Yes,1080,1920,8,2000,16,13,5,Android,Yes,Yes,Yes,2,Yes,Yes,19990
4050,5.5,Yes,1080,1920,6,2000,16,16,5,Android,Yes,Yes,Yes,2,Yes,Yes,6899
2150,5,Yes,1080,1920,8,3000,32,13,4,Android,Yes,Yes,Yes,1,Yes,Yes,30149
3410,5.4,Yes,1440,2560,6,3000,32,18,2,Android,Yes,Yes,Yes,1,Yes,Yes,19999
2700,5.2,Yes,1080,1920,6,2000,16,12.3,5,Android,Yes,Yes,Yes,1,Yes,Yes,25990
1715,4.7,Yes,750,1334,2,2000,16,12,5,iOS,Yes,Yes,Yes,1,Yes,Yes,22999
4900,5.5,Yes,1080,1920,8,2000,32,13,5,Android,Yes,Yes,Yes,2,Yes,Yes,15999
2420,5,Yes,1080,1920,8,3000,32,13,8,Android,Yes,Yes,Yes,2,Yes,Yes,10990
3000,5.7,Yes,1440,2560,8,4000,32,16,5,Android,Yes,Yes,Yes,1,Yes,Yes,17999
3000,5.7,Yes,1440,2560,8,4000,32,16,5,Android,Yes,Yes,Yes,1,Yes,Yes,14999
3630,5.5,Yes,1080,1920,8,2000,16,21,5,Android,Yes,Yes,Yes,2,Yes,Yes,7990
2470,5,Yes,720,1280,4,1000,8,13,5,Android,Yes,Yes,Yes,2,Yes,Yes,10999
3100,5.2,Yes,1080,1920,8,3000,16,20,8,Android,Yes,Yes,Yes,1,Yes,Yes,15999
3000,5.5,Yes,1080,1920,8,2000,16,13,13,Android,Yes,Yes,Yes,2,Yes,Yes,14999
3000,5.5,Yes,1440,2560,6,3000,32,16,8,Android,Yes,Yes,Yes,1,Yes,Yes,13299
3120,5,Yes,1080,1920,8,2000,16,13,5,Android,Yes,Yes,Yes,2,Yes,Yes,12999
2900,5.5,Yes,1080,1920,8,2000,16,13,5,Android,Yes,Yes,Yes,2,Yes,Yes,9999
3900,5.2,Yes,1440,2560,4,3000,64,21,2,Android,Yes,Yes,Yes,1,Yes,Yes,31999
2700,5.2,Yes,1080,1920,8,2000,16,13,8,Android,Yes,Yes,Yes,2,Yes,Yes,15999
2900,5,Yes,1080,1920,8,3000,32,16,8,Android,Yes,Yes,Yes,2,Yes,Yes,9799
2600,5.1,Yes,1440,2560,8,3000,32,16,5,Android,Yes,Yes,Yes,1,Yes,Yes,25999
3600,5.5,Yes,1080,1920,8,3000,32,8,8,Android,Yes,Yes,Yes,2,Yes,Yes,26499
2600,5.5,Yes,720,1280,8,2000,16,13,8,Android,Yes,Yes,Yes,2,Yes,Yes,25500
2600,5,Yes,1080,1920,4,2000,16,13,5,Android,Yes,Yes,Yes,1,Yes,Yes,28500
3220,5.96,Yes,1440,2560,4,3000,32,13,2,Android,Yes,Yes,Yes,1,Yes,Yes,13490
2400,5.2,Yes,1080,1920,4,2000,16,13,13,Android,Yes,Yes,Yes,1,Yes,Yes,10990
3450,4.5,Yes,1440,1440,4,3000,32,13,2,BlackBerry,Yes,Yes,Yes,1,Yes,Yes,15999
2915,5.5,Yes,1080,1920,1,1000,16,8,1.2,iOS,Yes,Yes,Yes,1,Yes,Yes,23999
1810,4.7,Yes,750,1334,2,1000,16,8,1.2,iOS,Yes,Yes,Yes,1,Yes,Yes,15999
2300,5.2,Yes,1080,1920,4,2000,16,13,2,Android,Yes,Yes,Yes,1,Yes,Yes,23999
2070,5,Yes,720,1280,4,1000,16,8,2,Android,Yes,Yes,Yes,2,Yes,No,13500
2600,4.6,Yes,720,1280,4,2000,16,20.7,2.2,Android,Yes,Yes,Yes,1,Yes,Yes,38990
3220,5.7,Yes,1440,2560,4,3000,32,16,3.7,Android,Yes,Yes,Yes,1,Yes,Yes,27900
3000,5.6,Yes,1600,2560,4,3000,32,16,3.7,Android,Yes,Yes,Yes,1,Yes,Yes,29950
3080,5,Yes,1080,1920,4,3000,16,13,8,Android,Yes,Yes,Yes,1,Yes,No,7987
4000,6,Yes,1440,2560,4,3000,32,16,5,Android,Yes,Yes,Yes,2,Yes,Yes,29999
3100,5.5,Yes,1080,1920,4,3000,16,13,5,Cyanogen,Yes,Yes,Yes,1,Yes,Yes,21999
2800,5.1,Yes,1080,1920,8,2000,16,16,2,Android,Yes,Yes,Yes,1,Yes,Yes,33999
3200,5.2,Yes,1080,1920,4,3000,16,20.7,2.2,Android,Yes,Yes,Yes,1,Yes,Yes,35990
2300,4.3,Yes,720,1280,4,2000,16,20.7,2,Android,Yes,Yes,Yes,1,Yes,Yes,11999
2500,5.5,Yes,1080,1920,4,2000,16,16,8,Android,Yes,Yes,Yes,1,Yes,Yes,3699
2600,5.2,Yes,720,1280,4,1000,8,8,1.9,Android,Yes,Yes,Yes,2,Yes,Yes,15999
2070,4.5,Yes,720,1280,4,1000,8,5,1.3,Android,Yes,Yes,Yes,2,Yes,No,9999
2300,4.95,Yes,1080,1920,4,2000,16,8,1.3,Android,Yes,Yes,Yes,1,Yes,Yes,12000
3400,6,Yes,1080,1920,4,2000,32,20,1.2,Windows,Yes,Yes,Yes,1,Yes,Yes,34990
1507,4,Yes,640,1136,2,1000,8,8,1.2,iOS,Yes,Yes,Yes,1,Yes,Yes,8499
3050,5,Yes,1080,1920,4,2000,16,13,2,Android,Yes,Yes,Yes,1,Yes,No,13999
3200,5.7,Yes,1080,1920,8,3000,32,13,2,Android,Yes,Yes,Yes,1,Yes,Yes,50650
3000,5,Yes,1080,1920,1,2000,16,20.7,2,Android,Yes,Yes,Yes,1,Yes,Yes,56699
3000,5.2,Yes,1080,1920,4,2000,16,13,2.1,Android,Yes,Yes,Yes,1,Yes,Yes,22499
2200,4.7,Yes,720,1280,2,2000,16,10,2,Android,Yes,Yes,Yes,1,Yes,Yes,15000
2330,5,Yes,1080,1920,4,2000,16,13.1,2.2,Android,Yes,Yes,Yes,1,Yes,Yes,32490
2100,4.8,Yes,720,1280,4,1000,16,8,1.9,Android,Yes,Yes,Yes,1,Yes,Yes,5999
2600,5,Yes,1080,1920,8,2000,16,13,2,Android,Yes,Yes,Yes,1,Yes,Yes,57915
2000,4.5,Yes,768,1280,2,1000,32,8.7,1.3,Windows,Yes,Yes,Yes,1,Yes,No,8999
4000,6.4,Yes,1080,2400,8,8000,128,48,16,Android,Yes,Yes,Yes,2,Yes,Yes,18690
4500,6.38,Yes,1080,2340,8,8000,128,48,32,Android,Yes,Yes,Yes,2,Yes,Yes,18599
4000,6.3,Yes,1080,2280,8,4000,64,48,25,Android,Yes,Yes,Yes,2,Yes,Yes,12999
4000,6.2,Yes,720,1520,8,4000,64,13,8,Android,Yes,Yes,Yes,2,Yes,Yes,8999
5000,6.35,Yes,720,1544,8,3000,32,13,8,Android,Yes,Yes,Yes,2,Yes,Yes,8990
5000,6.22,Yes,720,1520,8,2000,32,12,8,Android,Yes,Yes,Yes,2,Yes,Yes,6499
5000,6.5,Yes,720,1600,8,4000,128,48,16,Android,Yes,Yes,Yes,2,Yes,Yes,14730
4000,6.4,Yes,720,1520,8,3000,32,13,8,Android,Yes,Yes,Yes,2,Yes,Yes,8499
5000,6.52,Yes,720,1600,8,4000,64,13,8,Android,Yes,Yes,Yes,2,No,No,8000
4000,6.3,Yes,1080,2280,8,3000,32,48,13,Android,Yes,Yes,Yes,2,Yes,Yes,9195
5000,6.22,Yes,720,1520,8,4000,64,12,8,Android,Yes,Yes,Yes,2,Yes,Yes,7999
4230,6.2,Yes,720,1520,8,3000,32,13,13,Android,Yes,Yes,Yes,2,Yes,Yes,6999
4000,6.19,Yes,720,1500,8,4000,64,13,13,Android,Yes,Yes,Yes,2,Yes,Yes,9990
4000,6.59,Yes,1080,2340,8,4000,128,48,16,Android,Yes,Yes,Yes,2,Yes,Yes,13999
3500,6.3,Yes,1080,2520,8,4000,128,12,12,Android,Yes,Yes,Yes,2,Yes,Yes,9999
4000,6.26,Yes,720,1520,8,3000,32,13,16,Android,Yes,Yes,Yes,2,Yes,Yes,8499
4000,6.19,Yes,720,1500,8,6000,64,13,13,Android,Yes,Yes,Yes,2,Yes,Yes,10999
4000,5.45,Yes,720,1440,8,2000,16,12,5,Android,Yes,Yes,Yes,2,Yes,Yes,5499
4000,6.21,Yes,720,1520,8,3000,32,13,32,Android,Yes,Yes,Yes,2,No,No,7999
5000,6.35,Yes,720,1544,8,4000,128,13,20,Android,Yes,Yes,Yes,2,No,No,11490
3500,6.21,Yes,720,1520,4,2000,32,13,8,Android,Yes,Yes,No,2,No,No,6999
4000,6.1,Yes,720,1560,8,2000,32,8,5,Android,Yes,Yes,No,2,No,No,6670
4230,6.2,Yes,1520,720,8,2000,32,13,8,Android,Yes,Yes,Yes,2,Yes,Yes,7935
4000,6.26,Yes,720,1520,8,3000,32,12,32,Android,Yes,Yes,Yes,2,Yes,Yes,7999
4000,6.1,Yes,720,1560,8,2000,16,13,5,Android,Yes,Yes,Yes,2,Yes,Yes,5999
3400,6.21,Yes,1080,2340,8,4000,128,24,32,Android,Yes,Yes,Yes,2,Yes,Yes,10999
4500,6.38,Yes,1080,2340,8,4000,128,16,32,Android,Yes,Yes,Yes,2,No,No,14979
4230,6.2,Yes,720,1520,8,3000,32,13,13,Android,Yes,Yes,Yes,2,Yes,Yes,8490
4000,6.53,Yes,1080,2340,8,6000,64,12,32,Android,Yes,Yes,Yes,2,Yes,Yes,14990
3000,5,Yes,720,1280,4,1000,8,8,5,Android,Yes,Yes,Yes,2,Yes,Yes,4499
3010,6,Yes,1080,2160,8,8000,128,12,20,Android,Yes,Yes,Yes,2,Yes,Yes,19990
4000,6.26,Yes,720,1520,8,3000,32,13,8,Android,Yes,Yes,Yes,2,Yes,Yes,7499
4000,5.93,Yes,1080,2160,8,4000,64,16,16,Android,Yes,Yes,Yes,1,No,No,15999
4000,6.2,Yes,720,1500,8,3000,32,13,16,Android,Yes,Yes,Yes,2,Yes,Yes,10999
3000,5.45,Yes,720,1440,8,2000,16,13,5,Android,Yes,Yes,Yes,2,Yes,Yes,4999
4000,5.45,Yes,720,1440,8,3000,32,13,8,Android,Yes,Yes,No,2,Yes,Yes,5999
3000,5.7,Yes,720,1440,8,3000,32,13,13,Android,Yes,Yes,No,1,No,No,5899
3500,6,Yes,720,1440,8,3000,32,13,8,Android,Yes,Yes,Yes,2,Yes,Yes,6850
4000,6.26,Yes,720,1520,8,4000,32,13,8,Android,Yes,Yes,Yes,2,Yes,Yes,7999
3000,6.18,Yes,1080,2246,8,6000,128,16,16,Android,Yes,Yes,Yes,2,Yes,Yes,29999
4230,6.2,Yes,720,1520,8,2000,16,13,5,Android,Yes,Yes,No,1,No,No,7990
3000,4.5,Yes,1080,1620,8,4000,64,13,8,Android,Yes,Yes,Yes,2,Yes,Yes,22990
4230,6.2,Yes,720,1520,8,3000,32,13,8,Android,Yes,Yes,Yes,2,Yes,Yes,8890
4500,5.99,Yes,1080,2160,8,3000,32,12,16,Android,Yes,Yes,Yes,2,Yes,Yes,5850
3500,6.3,Yes,1080,2340,8,6000,64,16,25,Android,Yes,Yes,Yes,2,Yes,Yes,17990
3500,6.3,Yes,1080,2340,8,4000,64,16,16,Android,Yes,Yes,Yes,2,Yes,Yes,11994
3000,5.84,Yes,1080,2280,8,3000,32,13,16,Android,Yes,Yes,Yes,2,Yes,Yes,7499
3340,6.3,Yes,1080,2340,8,4000,128,16,24,Android,Yes,Yes,Yes,2,Yes,Yes,21999
3750,6.3,Yes,1080,2340,8,6000,128,16,24,Android,Yes,Yes,Yes,2,Yes,Yes,15999
4000,5.84,Yes,1080,2280,8,3000,32,12,5,Android,Yes,Yes,Yes,2,Yes,Yes,8290
3000,5.45,Yes,720,1440,4,2000,16,13,5,Android,Yes,Yes,Yes,2,Yes,Yes,5699
3080,5.99,Yes,720,1440,8,3000,32,12,16,Android,Yes,Yes,Yes,2,Yes,Yes,7999
3750,6,Yes,720,1440,8,4000,64,16,20,Android,Yes,Yes,Yes,2,Yes,Yes,7420
3000,5.45,Yes,720,1440,8,3000,32,12,5,Android,Yes,Yes,Yes,2,Yes,Yes,7180
3500,6,Yes,720,1440,8,4000,64,16,16,Android,Yes,Yes,Yes,2,Yes,Yes,15499
3000,5.6,Yes,720,1480,8,3000,32,13,8,Android,Yes,Yes,Yes,2,Yes,Yes,9490
3500,6,Yes,1080,2220,8,4000,64,16,24,Android,Yes,Yes,Yes,1,No,No,15999
5000,6,Yes,720,1440,8,3000,32,12,5,Android,Yes,Yes,Yes,2,Yes,Yes,9399
3800,6,Yes,1080,2160,8,8000,128,24,8,Android,Yes,Yes,Yes,2,Yes,Yes,24860
4000,5.7,Yes,720,1440,8,4000,64,13,13,Android,Yes,Yes,Yes,2,Yes,Yes,7990
3000,5.65,Yes,720,1440,4,3000,16,13,13,Android,Yes,Yes,No,2,Yes,Yes,8480
3000,5.84,Yes,1080,2280,8,4000,64,16,24,Android,Yes,Yes,Yes,2,Yes,Yes,12800
3260,6.3,Yes,1080,2280,8,4000,64,16,24,Android,Yes,Yes,Yes,2,Yes,Yes,13740
4000,5.7,Yes,720,1440,8,3000,32,13,8,Android,Yes,Yes,No,2,No,Yes,8049
3000,5.99,Yes,720,1440,8,3000,32,13,8,Android,Yes,Yes,Yes,2,Yes,Yes,7799
3000,5.7,Yes,1080,2160,8,3000,32,12,16,Android,Yes,Yes,No,2,Yes,Yes,10499
5000,5.2,Yes,720,1280,8,3000,32,13,5,Android,Yes,Yes,Yes,2,Yes,Yes,10500
3180,5.7,Yes,720,1440,8,2000,16,13,8,Android,Yes,Yes,Yes,2,Yes,Yes,6799
3000,5.65,Yes,1080,2160,8,3000,32,13,13,Android,Yes,Yes,Yes,2,Yes,Yes,8929
3500,5.2,Yes,720,1280,4,2000,16,13,5,Android,Yes,Yes,Yes,2,Yes,Yes,4999
4000,5.7,Yes,720,1440,4,2000,16,13,8,Android,Yes,Yes,Yes,2,Yes,Yes,6850
3500,6,Yes,1080,2220,8,6000,64,16,16,Android,Yes,Yes,Yes,1,No,No,16900
3030,5.7,Yes,720,1440,8,4000,32,13,16,Android,Yes,Yes,Yes,2,Yes,Yes,6319
3000,5.7,Yes,720,1440,8,4000,32,16,24,Android,Yes,Yes,Yes,2,Yes,Yes,13990
3080,5.5,Yes,720,1280,8,2000,16,13,16,Android,Yes,Yes,Yes,2,Yes,Yes,8490
3000,5,Yes,720,1280,4,2000,16,13,5,Android,Yes,Yes,Yes,2,Yes,Yes,7199
3340,5.93,Yes,1080,2160,8,4000,32,16,8,Android,Yes,Yes,Yes,2,Yes,Yes,12722
3020,5,Yes,720,1280,8,3000,32,13,5,Android,Yes,Yes,Yes,2,Yes,Yes,8499
5000,6,Yes,720,1440,8,4000,64,13,8,Android,Yes,Yes,Yes,2,Yes,Yes,8890
3225,5.99,Yes,720,1440,8,4000,64,16,24,Android,Yes,Yes,Yes,2,Yes,Yes,10990
3000,5.5,Yes,1080,1920,8,4000,64,16,12,Android,Yes,Yes,Yes,2,Yes,Yes,25999
3000,5.5,Yes,1080,2160,8,3000,32,13,5,Android,Yes,Yes,Yes,2,Yes,Yes,8948
3200,5.5,Yes,1080,1920,8,4000,64,13,16,Android,Yes,Yes,Yes,2,Yes,Yes,11990
3000,5.5,Yes,1080,1920,8,4000,32,13,5,Android,Yes,Yes,Yes,2,Yes,Yes,5999
3000,5.5,Yes,720,1280,8,4000,64,13,20,Android,Yes,Yes,Yes,2,Yes,Yes,12990
4000,5,Yes,720,1280,4,2000,16,8,5,Android,Yes,Yes,No,2,No,Yes,5499
3020,5.5,Yes,720,1280,8,4000,32,13,8,Android,Yes,Yes,Yes,2,Yes,Yes,12000
3630,5.5,Yes,1080,1920,8,4000,64,13,16,Android,Yes,Yes,Yes,2,Yes,Yes,12990
3800,4.7,Yes,720,1280,8,2000,16,13,5,Android,Yes,Yes,Yes,2,Yes,Yes,39999
2500,5,Yes,720,1280,4,3000,16,13,8,Android,Yes,Yes,Yes,2,Yes,Yes,4290
4010,5.5,Yes,1080,1920,8,4000,64,13,16,Android,Yes,Yes,Yes,2,Yes,Yes,9999
2700,6,Yes,1080,1920,8,4000,64,23,16,Android,Yes,Yes,Yes,2,No,Yes,5994
2900,5.2,Yes,1080,1920,4,4000,32,19,13,Android,Yes,Yes,Yes,2,Yes,Yes,29990
4550,6,Yes,1080,1920,8,4000,64,13,20,Android,Yes,Yes,Yes,2,Yes,Yes,994
2800,5,Yes,1080,1920,8,2000,16,13,5,Android,Yes,Yes,Yes,2,Yes,Yes,5450
3000,5.2,Yes,1080,1920,8,4000,64,12,8,Android,Yes,Yes,No,2,Yes,Yes,14933
3055,5.5,Yes,1080,1920,8,4000,64,16,20,Android,Yes,Yes,Yes,2,Yes,Yes,12500
3000,5.5,Yes,1080,1920,8,2000,16,16,8,Android,Yes,Yes,Yes,2,Yes,Yes,7250
3600,5.7,Yes,1080,1920,8,3000,32,16,16,Android,Yes,Yes,Yes,2,Yes,Yes,25900
3000,5.2,Yes,1080,1920,8,3000,32,16,16,Android,Yes,Yes,Yes,2,Yes,Yes,18999
2500,5.5,Yes,720,1080,8,3000,32,13,5,Android,Yes,Yes,No,2,Yes,Yes,8990
2900,5.2,Yes,720,1280,8,3000,32,13,16,Android,Yes,Yes,Yes,2,Yes,Yes,12000
3000,5.5,Yes,720,1280,8,4000,32,13,20,Android,Yes,Yes,Yes,2,Yes,Yes,16541
4100,5.5,Yes,1080,1920,8,2000,32,16,8,Android,Yes,Yes,Yes,2,Yes,Yes,8599
3200,5.5,Yes,1080,1920,8,3000,32,16,8,Android,Yes,Yes,Yes,2,Yes,Yes,6499
3000,5.5,Yes,1080,1920,10,3000,32,16,8,Android,Yes,Yes,Yes,2,Yes,Yes,10999
3340,5.5,Yes,1080,1920,8,3000,32,12,8,Android,Yes,Yes,Yes,2,Yes,Yes,13999
3200,5,Yes,720,1280,1,3000,16,13,5,Android,Yes,Yes,Yes,2,Yes,Yes,5499
5100,5.5,Yes,1080,1920,8,3000,32,13,5,Android,Yes,Yes,Yes,2,Yes,Yes,16999
4000,5.5,Yes,1080,1920,8,3000,32,16,8,Android,Yes,Yes,Yes,2,Yes,Yes,8890
3150,5.5,Yes,1080,1920,8,3000,32,13,8,Android,Yes,Yes,Yes,2,Yes,Yes,12000
4000,5.5,Yes,1080,1920,8,3000,32,13,8,Android,Yes,Yes,Yes,2,Yes,Yes,12639
3075,5.5,Yes,720,1280,8,3000,32,13,16,Android,Yes,Yes,Yes,2,Yes,Yes,15990
2610,5.2,Yes,1080,1920,8,3000,16,13,8,Android,Yes,Yes,Yes,1,Yes,Yes,11999
3000,5.5,Yes,1080,1920,8,4000,32,13,8,Android,Yes,Yes,Yes,2,Yes,Yes,5499
4050,6.4,Yes,1080,1920,8,3000,32,13,8,Android,Yes,Yes,Yes,1,Yes,Yes,9999
4000,5.5,Yes,1080,1920,8,4000,32,13,5,Android,Yes,Yes,Yes,2,Yes,Yes,4999
3000,5.5,Yes,1080,1920,8,3000,16,13,5,Android,Yes,Yes,Yes,2,Yes,Yes,6249
3000,5.5,Yes,1080,1920,8,3000,32,13,5,Android,Yes,Yes,Yes,2,Yes,Yes,7990
3000,5.5,Yes,1080,1920,8,4000,32,13,8,Android,Yes,Yes,Yes,2,Yes,Yes,17979
2850,5.5,Yes,1080,1920,8,4000,64,13,16,Android,Yes,Yes,Yes,2,Yes,Yes,17990
2500,5,Yes,720,1280,4,3000,16,8,8,Android,Yes,Yes,Yes,2,Yes,Yes,9990
2750,5,Yes,720,1280,8,2000,16,13,5,Android,Yes,Yes,Yes,2,Yes,Yes,5999
2750,5,Yes,1080,1920,8,2000,16,13,5,Android,Yes,Yes,Yes,2,Yes,Yes,7999
4000,5,Yes,720,1280,4,2000,8,8,5,Android,Yes,Yes,Yes,2,Yes,Yes,4999
2300,4.93,Yes,720,1280,4,2000,16,13,8,Android,Yes,Yes,Yes,1,Yes,Yes,7990
2500,5,Yes,720,1280,4,3000,16,13,5,Android,Yes,Yes,Yes,2,Yes,Yes,4999
3300,5.5,Yes,1080,1920,8,3000,16,13,5,Android,Yes,Yes,Yes,2,Yes,Yes,8990
5020,6,Yes,1080,1920,8,3000,64,13,5,Android,Yes,Yes,Yes,2,Yes,Yes,23900
2850,5.5,Yes,1080,1920,8,2000,16,13,5,Android,Yes,Yes,Yes,2,Yes,Yes,9630
3000,5.2,Yes,1440,2560,8,4000,32,21,8,Cyanogen,Yes,Yes,Yes,2,Yes,Yes,29999
2600,5.5,Yes,1080,1920,8,2000,16,13,13,Android,Yes,Yes,Yes,2,Yes,Yes,4990
4000,5,Yes,720,1280,4,3000,32,8,5,Android,Yes,Yes,Yes,2,Yes,Yes,7499
3150,5.5,Yes,720,1280,8,3000,32,13,5,Android,Yes,Yes,Yes,2,Yes,Yes,15998
2470,5,Yes,720,1280,8,2000,16,13,5,Android,Yes,Yes,Yes,2,Yes,Yes,16999
2900,5.2,Yes,1080,1920,8,3000,16,13,5,Android,Yes,Yes,Yes,2,Yes,Yes,6800
3000,5.5,Yes,1080,1920,8,2000,16,13,5,Android,Yes,Yes,Yes,2,Yes,Yes,7400
3000,5.5,Yes,720,1280,8,3000,16,13,5,Android,Yes,Yes,Yes,2,Yes,Yes,9499
2600,5.5,Yes,720,1280,8,2000,16,13,4,Android,Yes,Yes,Yes,2,Yes,Yes,6999
2000,4.7,Yes,720,1280,4,1000,8,8,2,Android,Yes,Yes,Yes,2,Yes,Yes,4695
2900,5.2,Yes,1080,1920,8,3000,32,23,5,Android,Yes,Yes,Yes,2,Yes,Yes,45999
4000,5.5,Yes,720,1280,8,3000,32,8,8,Android,Yes,Yes,Yes,2,Yes,Yes,7190
2200,4.7,Yes,720,1280,4,2000,16,8,2,Android,Yes,Yes,Yes,2,Yes,Yes,6999
5000,5.5,Yes,720,1280,4,2000,16,13,5,Android,Yes,Yes,Yes,2,Yes,Yes,4999
3000,5.5,Yes,1080,1920,4,4000,64,13,5,Android,Yes,Yes,Yes,2,Yes,Yes,16999
5000,5,Yes,720,1280,4,2000,16,8,5,Android,Yes,Yes,Yes,2,Yes,Yes,4400
3000,5.5,Yes,720,1280,4,2000,16,13,5,Android,Yes,Yes,Yes,2,Yes,Yes,12999
3000,5.7,Yes,1440,2560,6,3000,16,21,5,Android,Yes,Yes,Yes,2,Yes,Yes,20999
2900,5.5,Yes,1080,1920,4,3000,16,13,8,Android,Yes,Yes,Yes,2,Yes,Yes,7916
3200,5.5,Yes,1080,1920,8,2000,16,13,5,Android,Yes,Yes,Yes,2,Yes,Yes,11936
2300,5,Yes,1080,1920,8,2000,16,13,5,Android,Yes,Yes,Yes,2,Yes,Yes,3238
2700,5.2,Yes,1080,1920,8,2000,16,13,8,Android,Yes,Yes,Yes,2,Yes,Yes,4999
2230,5,Yes,720,1280,4,2000,16,8,5,Cyanogen,Yes,Yes,Yes,2,Yes,Yes,8999
2550,5,Yes,720,1280,8,2000,8,13,5,Android,Yes,Yes,Yes,2,Yes,No,8999
2300,5,Yes,720,1280,4,2000,16,8,2,Android,Yes,Yes,Yes,2,Yes,Yes,6399
2900,5.5,Yes,720,1280,8,2000,8,8,5,Android,Yes,Yes,Yes,2,Yes,Yes,6666
2390,4.5,Yes,540,960,4,1000,8,5,0.3,Android,Yes,Yes,Yes,1,Yes,No,4999
2000,4.7,Yes,540,960,8,1000,8,8,2,Android,Yes,Yes,Yes,2,Yes,No,9000
2300,5,Yes,720,1280,4,1000,8,8,2,Android,Yes,Yes,Yes,2,Yes,Yes,5000
3000,5.5,Yes,1080,1920,4,4000,64,13,5,Android,Yes,Yes,Yes,1,Yes,Yes,15999
2200,4.7,Yes,720,1280,4,1000,8,8,2,Android,Yes,Yes,Yes,2,Yes,Yes,5399
4000,5,Yes,720,1280,4,1000,8,10,2,Android,Yes,Yes,Yes,2,Yes,No,4299
1900,4.5,Yes,480,854,4,512,4,5,2,Android,Yes,Yes,Yes,2,Yes,No,6539
2300,4.7,Yes,720,1280,8,2000,16,13,13,Android,Yes,Yes,Yes,2,Yes,No,13895
3000,5.5,Yes,720,1280,4,2000,8,13,5,Android,Yes,Yes,Yes,2,Yes,Yes,9999
2800,5.5,Yes,720,1280,4,1000,8,8,2,Android,Yes,Yes,Yes,2,Yes,No,6998
2000,5,Yes,720,1280,8,1000,16,13,5,Android,Yes,Yes,Yes,2,Yes,No,5490
1700,4.5,Yes,480,854,4,1000,4,5,2.4,Android,Yes,Yes,Yes,2,Yes,No,4795
1700,4.5,No,480,854,4,1000,4,5,2.4,Android,Yes,Yes,Yes,2,Yes,No,2899
1700,4.5,No,480,854,4,1000,4,5,2.4,Android,Yes,Yes,Yes,2,Yes,No,7490
2500,5,Yes,720,1280,8,2000,8,13,5,Android,Yes,Yes,Yes,2,Yes,No,4999
2200,5,Yes,720,1280,4,1000,16,10,0.9,Windows,Yes,Yes,Yes,1,Yes,Yes,19999
2600,5.5,Yes,720,1280,8,2000,16,13,8,Android,Yes,Yes,Yes,2,Yes,Yes,25999
1860,4.7,Yes,720,1280,8,2000,32,12,2.1,Android,Yes,Yes,Yes,1,Yes,Yes,9999
1920,5,Yes,720,1280,8,2000,16,8,2,Android,Yes,Yes,Yes,2,Yes,No,5499
2000,5,Yes,720,1280,4,1000,4,8,2,Android,Yes,Yes,Yes,2,Yes,No,4999
2000,4.7,Yes,720,1280,4,1000,8,8,1.6,Android,Yes,Yes,Yes,2,Yes,No,5999
3000,5,Yes,1080,1920,8,3000,16,13,5,Android,Yes,Yes,Yes,1,Yes,Yes,14999
2140,5,Yes,720,1280,4,2000,16,13,0,Android,Yes,Yes,Yes,1,Yes,Yes,9990
2000,5,Yes,720,1280,4,1000,8,8,2,Android,Yes,Yes,Yes,1,Yes,No,13667
2500,5.5,Yes,720,1280,8,1000,8,13,2,Android,Yes,Yes,Yes,2,Yes,No,11900
1980,4.3,Yes,540,960,2,1000,4,5,0,Android,Yes,Yes,Yes,2,Yes,No,4999
2410,5,Yes,720,1280,4,1000,16,8,5,Android,Yes,Yes,Yes,2,Yes,No,11735
2250,5,Yes,720,1280,4,1000,8,8,2,Android,Yes,Yes,Yes,2,Yes,No,13606
2350,5,Yes,1080,1920,8,2000,32,16,8,Android,Yes,Yes,Yes,2,Yes,No,5999
2600,5.5,Yes,720,1280,4,1000,8,13,5,Android,Yes,Yes,Yes,2,Yes,Yes,27390
1500,4,Yes,480,800,2,512,4,3,0,Cyanogen,Yes,Yes,Yes,2,Yes,No,7999
3000,4.7,Yes,540,960,4,1000,8,8,0.3,Android,Yes,Yes,Yes,2,Yes,No,6700
2300,5,Yes,1080,1920,8,2000,16,13,5,Android,Yes,Yes,Yes,1,Yes,No,10999
3200,5.9,Yes,1080,1920,4,3000,16,13,2.1,Android,Yes,Yes,Yes,1,Yes,Yes,42021
2000,5,Yes,720,1280,4,1000,8,8,2,Android,Yes,Yes,Yes,2,Yes,No,13677
3100,5.5,Yes,720,1280,6,2000,16,8,2,Android,Yes,Yes,Yes,1,Yes,Yes,11250
3300,6,Yes,720,1280,2,2000,16,13,2,Android,Yes,Yes,Yes,2,Yes,No,8891
1010,3,Yes,240,320,1,64,0.064,5,0,Cyanogen,Yes,Yes,No,2,No,No,3499
2000,4.5,Yes,768,1280,2,2000,32,41,1.2,Windows,Yes,Yes,Yes,1,Yes,Yes,10990
2100,5,Yes,1080,1920,4,1000,8,8,2,Android,Yes,Yes,Yes,2,Yes,No,5999
2000,5,Yes,1080,1920,4,2000,32,13,5,Android,Yes,Yes,Yes,1,Yes,No,21450
2000,5,Yes,720,1280,4,1000,16,13,5,Android,Yes,Yes,Yes,2,Yes,No,5199
2000,5,Yes,720,1280,4,1000,4,8,2,Android,Yes,Yes,Yes,2,Yes,No,9499
2180,3.1,Yes,720,720,2,2000,8,5,2,BlackBerry,Yes,Yes,Yes,1,Yes,Yes,10800
2100,3.1,Yes,720,720,1,2000,16,8,2,BlackBerry,Yes,Yes,Yes,1,Yes,Yes,9899
4000,5,Yes,720,1280,4,1000,4,8,0.3,Android,Yes,Yes,Yes,2,Yes,No,15410
1320,3.5,Yes,480,854,2,512,8,5,0.3,Android,Yes,Yes,Yes,1,Yes,No,4990
2370,4.6,Yes,720,1280,2,1000,8,8,0.3,Android,Yes,Yes,Yes,1,Yes,Yes,21490
1350,2.6,Yes,240,320,1,384,0.16,3.2,0.3,Android,Yes,Yes,Yes,2,Yes,No,5555
2600,5.8,Yes,540,960,2,1000,8,8,1.9,Android,Yes,Yes,Yes,2,Yes,No,6999
1300,3.8,Yes,480,800,2,512,8,5,0.3,Windows,Yes,Yes,Yes,1,Yes,No,4999
1650,4.3,Yes,480,800,2,1000,8,8,0.3,Windows,Yes,Yes,Yes,1,Yes,No,19660
2100,4.7,Yes,768,1280,4,2000,32,13,1.3,Android,Yes,Yes,Yes,1,Yes,No,9999
1650,4.3,Yes,540,960,2,1000,16,8,0.3,Android,Yes,Yes,Yes,1,Yes,No,17172
1800,4.2,Yes,768,1280,2,2000,16,8,2,BlackBerry,Yes,Yes,Yes,1,Yes,Yes,5500
4000,6.5,Yes,720,1600,8,4000,64,16,16,Android,Yes,Yes,Yes,2,Yes,Yes,8999
4000,6.6,Yes,720,1600,8,4000,64,16,32,Android,Yes,Yes,Yes,2,Yes,Yes,8999
3000,6.1,Yes,720,1560,8,4000,64,13,8,Android,Yes,Yes,Yes,2,Yes,Yes,6999
3500,6.2,Yes,720,1520,4,2000,32,13,16,Android,Yes,Yes,Yes,2,Yes,Yes,6933
3000,5.71,Yes,720,1520,8,3000,32,13,8,Android,Yes,Yes,Yes,1,No,No,7999
4000,6.26,Yes,720,1520,4,2000,16,13,5,Android,Yes,Yes,Yes,1,No,No,6690
3400,6.22,Yes,720,1520,8,2000,16,13,5,Android,Yes,Yes,Yes,2,Yes,Yes,6999
4000,6.19,Yes,720,1500,8,3000,32,13,16,Android,Yes,Yes,Yes,2,Yes,Yes,6299
4000,5.99,Yes,1080,2160,8,4000,64,16,8,Android,Yes,Yes,No,1,No,No,7433
3300,6,Yes,720,1480,4,4000,64,13,8,Android,Yes,Yes,Yes,1,No,No,11999
3300,6,Yes,720,1480,4,2000,32,13,5,Android,Yes,Yes,Yes,1,No,No,9499
2600,5,Yes,540,960,4,1000,8,8,5,Android,Yes,Yes,Yes,2,Yes,Yes,6190
3200,5.45,Yes,720,1440,4,2000,16,13,5,Android,Yes,Yes,Yes,2,Yes,Yes,4999
2500,5.47,Yes,720,1440,4,2000,16,8,5,Android,Yes,Yes,No,1,No,No,3900
3050,5.45,Yes,720,1440,4,2000,16,13,8,Android,Yes,Yes,Yes,2,Yes,Yes,3999
4000,5.99,Yes,720,1440,4,3000,32,13,5,Android,Yes,Yes,Yes,2,Yes,Yes,8999
4000,5.45,Yes,720,1440,4,2000,16,13,8,Android,Yes,Yes,Yes,2,Yes,Yes,4999
3020,5.45,Yes,720,1440,4,2000,16,13,5,Android,Yes,Yes,Yes,1,No,No,5999
4070,5.5,Yes,1080,1920,8,4000,32,13,8,Android,Yes,Yes,Yes,2,Yes,Yes,6999
3250,5.7,Yes,720,1440,4,3000,16,13,8,Android,Yes,Yes,No,2,Yes,Yes,5709
2150,4.5,Yes,480,854,4,1000,8,5,2,Android,Yes,Yes,Yes,2,Yes,Yes,4672
3050,5.65,Yes,720,1440,4,3000,32,13,13,Android,Yes,Yes,Yes,2,Yes,Yes,5930
3000,5.45,Yes,640,1280,4,2000,16,13,8,Android,Yes,Yes,Yes,2,Yes,Yes,4240
3300,5.5,Yes,1080,1920,8,3000,32,13,13,Android,Yes,Yes,Yes,2,Yes,Yes,10990
2800,5.2,Yes,720,1280,4,3000,32,13,5,Android,Yes,Yes,Yes,2,Yes,Yes,4199
4000,5.5,Yes,720,1280,4,3000,32,13,8,Android,Yes,Yes,Yes,2,Yes,Yes,6899
4850,5.5,Yes,720,1280,8,3000,32,13,5,Android,Yes,Yes,Yes,2,Yes,Yes,5350
3200,5.5,Yes,720,1280,4,3000,32,8,5,Android,Yes,Yes,Yes,2,Yes,Yes,4229
2900,5.7,Yes,720,1440,4,3000,32,13,16,Android,Yes,Yes,Yes,2,Yes,Yes,4991
2800,4.5,Yes,480,854,4,1000,8,5,2,Android,Yes,Yes,Yes,2,Yes,Yes,3499
4000,5.2,Yes,720,1280,8,3000,32,13,8,Android,Yes,Yes,Yes,2,Yes,Yes,9000
2300,5,Yes,720,1280,4,1000,8,5,5,Android,Yes,Yes,Yes,2,Yes,Yes,3399
3000,5,Yes,720,1280,4,1000,16,5,5,Android,Yes,Yes,Yes,2,Yes,Yes,3499
5000,5.2,Yes,720,1280,4,2000,16,13,5,Android,Yes,Yes,Yes,2,Yes,Yes,7099
2900,5.5,Yes,720,1280,4,2000,16,13,5,Android,Yes,Yes,Yes,2,Yes,Yes,6200
2680,5,Yes,1080,1920,8,3000,32,13,13,Android,Yes,Yes,Yes,2,Yes,Yes,7399
4020,5.2,Yes,720,1280,4,3000,32,13,5,Android,Yes,Yes,Yes,2,No,Yes,3999
3050,5,Yes,720,1280,4,3000,16,13,5,Android,Yes,Yes,Yes,2,Yes,Yes,4399
4000,5.5,Yes,1080,1920,8,4000,32,13,16,Android,Yes,Yes,Yes,2,Yes,Yes,8966
2620,5,Yes,720,1280,4,2000,16,8,5,Android,Yes,Yes,No,2,Yes,Yes,8920
3000,5.5,Yes,720,1280,8,3000,32,13,16,Android,Yes,Yes,Yes,2,Yes,Yes,10999
3100,5.5,Yes,1080,1920,8,3000,32,13,8,Android,Yes,Yes,Yes,2,No,No,6990
2730,5.2,Yes,1280,720,4,3000,16,13,5,Android,Yes,Yes,Yes,2,Yes,Yes,10990
2630,5,Yes,720,1280,4,2000,16,8,8,Android,Yes,Yes,Yes,2,Yes,Yes,6900
3000,5,Yes,720,1280,4,2000,16,13,5,Android,Yes,Yes,Yes,2,Yes,Yes,8200
5000,5.5,Yes,1080,1920,8,4000,32,13,8,Android,Yes,Yes,Yes,2,Yes,Yes,12499
2500,5,Yes,720,1280,4,3000,16,13,5,Android,Yes,Yes,Yes,2,Yes,Yes,8440
3050,5.5,Yes,720,1080,4,2000,16,8,8,Android,Yes,Yes,No,3,Yes,Yes,4590
2500,5.5,Yes,720,1280,4,3000,16,8,8,Android,Yes,Yes,Yes,2,Yes,Yes,5990
3130,5.5,Yes,1080,1920,8,4000,32,13,8,Android,Yes,Yes,Yes,2,Yes,Yes,7999
1800,4.7,Yes,720,1280,4,2000,16,8,5,Android,Yes,Yes,Yes,2,Yes,Yes,4899
2550,5,Yes,720,1280,8,3000,32,13,8,Android,Yes,Yes,Yes,2,Yes,Yes,14980
2500,5.5,Yes,720,1280,4,1000,8,8,5,Android,Yes,Yes,Yes,2,Yes,No,3968
2300,4.5,Yes,850,480,4,2000,8,8,5,Android,Yes,Yes,Yes,2,Yes,Yes,3740
4000,5,Yes,720,1280,4,2000,16,13,5,Android,Yes,Yes,Yes,2,Yes,Yes,8556
2600,5,Yes,720,1280,8,2000,16,13,5,Android,Yes,Yes,Yes,2,Yes,Yes,3999
3500,5.5,Yes,1080,1920,8,3000,32,13,5,Android,Yes,Yes,Yes,2,Yes,Yes,12999
2300,5,No,720,1280,1,1000,8,8,5,Android,Yes,Yes,Yes,2,Yes,Yes,5385
3000,5.5,Yes,1080,1920,8,3000,32,13,5,Android,Yes,Yes,Yes,2,Yes,Yes,14770
2300,5,Yes,720,1280,4,3000,16,13,5,Android,Yes,Yes,Yes,2,Yes,Yes,6999
2500,5,Yes,720,1280,4,2000,16,13,8,Android,Yes,Yes,Yes,2,Yes,Yes,13300
2400,5,Yes,720,1280,4,2000,16,8,5,Android,Yes,Yes,Yes,2,Yes,Yes,10200
2500,5,Yes,720,1280,8,2000,16,13,5,Android,Yes,Yes,Yes,2,Yes,Yes,4799
2720,5.5,Yes,720,1280,8,2000,16,13,5,Android,Yes,Yes,Yes,2,Yes,Yes,13000
2000,5,No,480,854,4,1000,8,5,5,Android,Yes,Yes,Yes,2,Yes,No,6999
3500,5.5,Yes,720,1280,8,2000,16,13,8,Android,Yes,Yes,Yes,2,Yes,Yes,4500
2200,5,Yes,720,1280,4,2000,16,8,5,Android,Yes,Yes,Yes,2,Yes,No,2999
2230,5,Yes,720,1280,4,1000,8,8,2,Android,Yes,Yes,Yes,2,Yes,Yes,7999
2500,5,Yes,720,1280,8,1000,8,13,2,Android,Yes,Yes,Yes,2,Yes,No,6199
2650,5.5,Yes,720,1280,4,2000,32,8,5,Android,Yes,Yes,Yes,2,Yes,No,3999
3000,6,Yes,540,960,4,1000,8,8,2,Android,Yes,Yes,Yes,2,Yes,No,9500
2930,5.2,Yes,1080,1920,8,3000,32,20.7,5,Android,Yes,Yes,Yes,1,Yes,Yes,34915
3000,5.7,Yes,720,1280,4,1000,16,13,5,Android,Yes,Yes,Yes,2,Yes,Yes,5999
1400,4,Yes,480,800,4,1000,8,8,2,Android,Yes,Yes,Yes,2,Yes,No,3500
2000,4.7,Yes,480,800,4,1000,8,8,2,Android,Yes,Yes,Yes,2,Yes,No,3999
2000,4.7,Yes,540,960,4,1000,8,8,2,Android,Yes,Yes,Yes,2,Yes,No,5999
2200,5,Yes,720,1280,4,1000,8,8,5,Windows,Yes,Yes,Yes,2,Yes,No,7000
2840,5.2,Yes,1440,2560,8,2000,16,20,4,Android,Yes,Yes,Yes,1,Yes,Yes,11000
1700,4.7,Yes,720,1280,4,2000,16,8,5,Android,Yes,Yes,No,2,Yes,No,7500
1900,5,Yes,720,1280,8,1000,8,8,8,Android,Yes,Yes,Yes,2,Yes,No,7800
2800,5,Yes,720,1280,2,2000,16,8,2,BlackBerry,Yes,Yes,Yes,1,Yes,Yes,7200
2100,4.5,Yes,480,854,2,1000,8,5,0.3,Android,Yes,Yes,No,2,Yes,No,5499
2500,5,Yes,720,1280,8,1000,8,8,3,Android,Yes,Yes,Yes,2,Yes,No,8500
1950,5,Yes,480,854,4,1000,8,5,2,Android,Yes,Yes,Yes,2,Yes,No,4150
1800,4.7,Yes,720,1280,4,1000,8,8,5,Android,Yes,Yes,Yes,2,Yes,No,7000
3000,5,Yes,720,1280,4,1000,8,8,2,Android,Yes,Yes,Yes,2,Yes,No,5599
2515,3.5,Yes,720,720,2,2000,16,8,2,BlackBerry,Yes,Yes,Yes,1,Yes,No,13899
4000,5,Yes,480,854,8,1000,8,8,2,Android,Yes,Yes,Yes,2,Yes,No,4500
5000,5,Yes,720,1280,4,1000,8,8,2,Android,Yes,Yes,Yes,2,Yes,No,3490
2000,5,Yes,720,1280,4,1000,16,8,2,Android,Yes,Yes,Yes,2,Yes,No,5999
2050,4.8,Yes,720,1280,8,1000,16,8,5,Android,Yes,Yes,Yes,1,Yes,No,5499
2600,5.5,Yes,720,1280,4,1000,8,13,5,Android,Yes,Yes,Yes,2,Yes,No,21990
2300,5,Yes,1080,1920,8,2000,32,13,5,Android,Yes,Yes,Yes,2,Yes,Yes,17499
2400,5,Yes,720,1280,4,1000,4,13,5,Android,Yes,Yes,Yes,2,Yes,No,3399
2100,5,Yes,720,1280,8,2000,16,13,5,Android,Yes,Yes,Yes,2,Yes,No,5888
3000,5.5,Yes,540,960,4,1000,8,13,1.3,Android,Yes,Yes,Yes,2,Yes,No,10490
1900,5,Yes,540,960,8,1000,8,8,2,Android,Yes,Yes,Yes,2,Yes,No,3199
2000,5,Yes,720,1280,8,1000,4,8,2,Android,Yes,Yes,Yes,2,Yes,No,7999
2540,5,Yes,720,1280,4,1000,8,8,1.3,Android,Yes,Yes,Yes,1,Yes,Yes,5999
1800,4.7,Yes,720,1280,4,1000,8,8,2,Windows,Yes,Yes,Yes,2,Yes,No,4495
2500,5.3,Yes,720,1280,4,1000,8,8,1.1,Android,Yes,Yes,Yes,1,Yes,Yes,18490
2000,4.7,Yes,480,800,4,1000,4,5,2,Android,Yes,Yes,Yes,2,Yes,No,8999
1800,4.5,Yes,480,854,4,1000,4,8,2,Android,Yes,Yes,Yes,2,Yes,No,3632
2500,5,Yes,540,960,2,1000,8,5,1.1,BlackBerry,Yes,Yes,Yes,1,Yes,No,19000
2000,4.7,Yes,540,960,4,1000,4,8,0.3,Android,Yes,Yes,Yes,2,Yes,No,5040
2540,4.7,Yes,540,960,4,1000,8,8,0.3,Android,Yes,Yes,Yes,2,Yes,No,3299
2000,5,Yes,1080,1920,8,2000,16,16,8,Android,Yes,Yes,Yes,2,Yes,No,12494
4000,5.3,Yes,720,1280,4,2000,16,8,1.5,Android,Yes,Yes,Yes,2,Yes,No,18748
1800,4.69,Yes,720,1280,4,1000,4,8,5,Android,Yes,Yes,Yes,2,Yes,No,6495
2300,6,Yes,720,1280,8,2000,16,13,5,Android,Yes,Yes,Yes,2,Yes,No,16818
4000,5.7,Yes,1080,1920,4,2000,16,13,5,Android,Yes,Yes,Yes,2,Yes,No,18138
1700,4.3,Yes,480,800,4,512,4,5,0.3,Android,Yes,Yes,Yes,2,Yes,No,7494
1430,4,Yes,480,800,2,1000,8,5,0,Windows,Yes,Yes,Yes,1,Yes,No,7500
2600,5.5,Yes,720,1280,4,1000,8,13,2,Android,Yes,Yes,Yes,2,Yes,No,14534
2000,5,Yes,1080,1920,4,2000,16,13,5,Android,Yes,Yes,Yes,2,Yes,No,17490
3400,6,Yes,720,1280,2,1000,8,5,0.3,Windows,Yes,Yes,Yes,1,Yes,Yes,9960
3140,5.5,Yes,540,960,2,1000,8,8,1.3,Android,Yes,Yes,Yes,2,Yes,No,5899
2880,5,Yes,720,1280,2,2000,16,8,2,BlackBerry,Yes,Yes,Yes,1,Yes,Yes,8300
1800,4.3,Yes,480,800,4,1000,4,8,1.6,Android,Yes,Yes,Yes,2,Yes,No,19000
2000,4.7,Yes,480,800,2,512,8,5,0.3,Windows,Yes,Yes,Yes,1,Yes,Yes,4999
2000,4.7,Yes,720,1280,4,1000,4,8,2,Android,Yes,Yes,Yes,1,Yes,No,14153
1800,4.7,Yes,720,1280,4,1000,16,8,2,Android,Yes,Yes,Yes,2,Yes,No,6499
2330,4.3,Yes,560,960,2,1000,8,16,1.9,Android,Yes,Yes,Yes,1,Yes,Yes,15990
1860,4.5,Yes,540,960,4,1000,8,8,1.6,Android,Yes,Yes,Yes,2,Yes,No,22500
1200,2.8,Yes,240,320,1,289,3,2,0,Android,Yes,Yes,Yes,1,Yes,No,3190
2100,5,Yes,480,800,2,1000,8,8,2,Android,Yes,Yes,Yes,2,Yes,No,8999
1200,3,Yes,240,320,1,64,0.128,3.2,0,Cyanogen,Yes,Yes,No,2,No,No,4999
1300,3.7,Yes,480,800,1,256,8,5,0,Windows,Yes,Yes,Yes,1,Yes,No,4990
1430,4,Yes,480,800,2,512,8,5,0,Windows,Yes,Yes,Yes,1,Yes,No,3850
1540,3.2,Yes,240,320,1,512,4,3,0,Android,Yes,Yes,Yes,2,Yes,No,1999
1450,2.44,No,240,320,1,512,0.512,2,0,BlackBerry,Yes,Yes,No,1,No,No,6999
4000,6.22,Yes,720,1520,8,4000,64,13,16,Android,Yes,Yes,Yes,1,No,No,6999
3000,5.86,Yes,720,1520,4,2000,16,13,5,Android,Yes,Yes,Yes,2,Yes,Yes,4499
3000,5.5,Yes,1080,1920,8,3000,32,13,13,Android,Yes,Yes,Yes,2,Yes,Yes,5199
2900,6,Yes,1080,2160,4,3000,32,13,8,Android,Yes,Yes,Yes,2,Yes,Yes,6300
1400,4,Yes,480,800,4,1000,8,2,0.3,Android,Yes,Yes,Yes,2,Yes,Yes,2590
1400,4,Yes,480,800,4,1000,8,2,0.3,Android,Yes,Yes,No,2,Yes,Yes,3250
2000,5,Yes,720,1280,4,2000,16,13,5,Android,Yes,Yes,Yes,2,Yes,Yes,3999
3000,5,Yes,720,1280,4,2000,16,8,5,Android,Yes,Yes,Yes,2,Yes,Yes,3499
3000,5,Yes,720,1280,4,1000,8,5,5,Android,Yes,Yes,Yes,2,Yes,Yes,4999
2650,5,Yes,720,1280,4,2000,16,13,5,Android,Yes,Yes,Yes,2,Yes,Yes,4599
2100,5,Yes,720,1280,4,1000,8,8,5,Android,Yes,Yes,Yes,2,Yes,Yes,6000
2000,5,Yes,480,854,1,1000,8,8,5,Android,Yes,No,Yes,2,Yes,Yes,2999
2600,5.5,Yes,540,960,4,1000,8,10,5,Android,Yes,Yes,Yes,2,Yes,No,2699
2250,5,Yes,720,1280,4,2000,16,8,5,Android,Yes,Yes,Yes,2,Yes,Yes,8649
2000,4.5,Yes,480,854,4,1000,8,5,5,Android,Yes,Yes,Yes,2,Yes,No,3199
2000,5,Yes,720,1280,8,2000,16,13,5,Android,Yes,Yes,Yes,2,Yes,Yes,5499
3000,5,Yes,720,1280,4,2000,16,13,5,Android,Yes,Yes,Yes,2,Yes,Yes,4444
2000,4.5,Yes,480,854,4,512,4,5,0.3,Android,Yes,Yes,Yes,2,Yes,No,2699
2000,5,Yes,480,854,4,1000,4,5,0.3,Android,Yes,Yes,Yes,2,Yes,No,9499
1450,2.8,Yes,360,480,1,512,0.512,5,0,BlackBerry,Yes,Yes,Yes,1,Yes,No,7500
2900,5.5,Yes,480,854,4,2000,16,5,3.2,Android,Yes,Yes,Yes,2,Yes,No,3299
4500,6.7,Yes,1440,3200,8,8000,128,12,10,Android,Yes,Yes,Yes,2,Yes,Yes,73999
5000,6.9,Yes,1440,3200,8,12000,128,108,40,Android,Yes,Yes,Yes,2,Yes,Yes,92999
5000,6.22,Yes,720,1520,8,2000,32,13,8,Android,Yes,Yes,Yes,2,Yes,Yes,6499
4120,6.1,Yes,600,1280,4,1000,16,8,5,Android,Yes,Yes,Yes,2,Yes,Yes,4829
3300,6.7,Yes,1080,2636,8,8000,256,12,10,Android,Yes,Yes,Yes,1,No,No,174990
4000,6.2,Yes,1440,3200,8,8000,128,12,10,Android,Yes,Yes,Yes,2,Yes,Yes,66999
3200,5.7,Yes,720,1520,8,2000,32,13,5,Android,Yes,Yes,Yes,2,No,No,6299
4000,6.2,Yes,720,1520,4,2000,32,13,5,Android,Yes,Yes,No,2,Yes,Yes,7149
6000,6.35,Yes,720,1548,8,4000,64,13,13,Android,Yes,Yes,No,2,Yes,Yes,8499
5000,6.53,Yes,1080,2340,8,4000,128,16,16,Android,Yes,Yes,Yes,2,Yes,Yes,13990
2500,5,Yes,480,854,4,1000,16,5,2,Android,Yes,Yes,Yes,2,No,No,3899
4000,6.55,Yes,720,1600,8,4000,64,16,8,Android,Yes,Yes,Yes,2,Yes,Yes,9960
3950,6.09,Yes,720,1560,8,2000,16,13,5,Android,Yes,Yes,Yes,2,Yes,Yes,6694
3700,6.3,Yes,1440,3040,8,6000,64,16,8,Android,Yes,Yes,Yes,2,Yes,Yes,83900
2800,5.7,Yes,1080,2280,8,6000,64,16,8,Android,Yes,Yes,Yes,2,Yes,Yes,69500
4050,6.22,Yes,720,1520,8,4000,64,13,16,Android,Yes,Yes,Yes,2,Yes,Yes,10999
4500,6.7,Yes,1080,2400,8,6000,128,64,32,Android,Yes,Yes,Yes,1,No,No,25999
3046,5.8,Yes,1125,2436,6,4000,64,12,12,iOS,Yes,Yes,Yes,2,Yes,Yes,96900
4000,6.5,Yes,720,1560,8,3000,32,13,8,Android,Yes,Yes,Yes,2,Yes,Yes,10999
4000,6.53,Yes,1080,2340,8,8000,128,48,16,Android,Yes,Yes,No,1,No,No,20900
4000,6.4,Yes,720,1560,8,4000,64,25,16,Android,Yes,Yes,Yes,2,Yes,Yes,13980
3500,6.22,Yes,720,1520,8,3000,32,13,8,Android,Yes,Yes,Yes,2,No,No,8099
3300,6.22,Yes,720,1520,8,3000,32,12,8,Android,Yes,Yes,No,2,Yes,Yes,7999
4000,6.2,Yes,720,1520,8,2000,32,13,8,Android,Yes,Yes,Yes,2,Yes,Yes,8499
4500,6.53,Yes,1176,2400,8,8000,128,40,32,Android,Yes,Yes,Yes,2,Yes,Yes,77299
3500,6.3,Yes,1080,2280,8,8000,256,12,10,Android,Yes,Yes,Yes,2,Yes,Yes,69999
3500,6.4,Yes,1080,2340,8,6000,128,16,32,Android,Yes,Yes,Yes,2,Yes,Yes,12999
4050,6.22,Yes,720,1520,8,4000,64,13,16,Android,Yes,Yes,No,2,Yes,Yes,12480
5000,6.35,Yes,720,1544,8,3000,64,8,8,Android,Yes,Yes,Yes,2,Yes,Yes,9550
2400,5.45,Yes,720,1440,8,2000,16,8,5,Android,No,No,No,1,No,No,4450
4000,6.59,Yes,1080,2340,8,4000,128,16,16,Android,Yes,Yes,No,2,Yes,Yes,14450
3700,6.7,Yes,1080,2400,8,8000,128,48,0,Android,Yes,Yes,Yes,2,Yes,Yes,35990
3765,6.4,Yes,1080,2340,8,8000,128,48,16,Android,Yes,Yes,Yes,2,Yes,Yes,26990
2600,5,Yes,540,960,8,1000,16,5,5,Android,Yes,Yes,Yes,2,Yes,Yes,5290
4000,6.4,Yes,720,1560,8,3000,32,13,8,Android,Yes,Yes,No,1,No,No,9900
4030,6.22,Yes,720,1520,8,2000,16,13,5,Android,Yes,Yes,Yes,2,Yes,Yes,6799
4000,5.5,Yes,1080,1920,8,4000,64,13,8,Android,Yes,Yes,No,2,Yes,Yes,6488
2250,4,Yes,400,800,4,1000,8,2,2,Android,Yes,Yes,Yes,2,Yes,Yes,3499
4380,7.3,Yes,1536,2152,8,12000,512,16,10,Android,Yes,Yes,Yes,2,Yes,Yes,164999
3000,5.45,Yes,720,1440,4,2000,16,13,5,Android,Yes,Yes,Yes,1,No,No,4488
3050,5.5,Yes,720,1440,4,3000,32,13,8,Android,Yes,Yes,Yes,2,Yes,Yes,5899
3050,5.5,Yes,720,1440,4,2000,32,13,8,Android,Yes,Yes,Yes,2,Yes,Yes,5199
3000,5.71,Yes,720,1520,8,3000,32,8,5,Android,Yes,Yes,No,2,No,No,4649
4030,6.22,Yes,720,1520,8,2000,32,13,8,Android,Yes,Yes,No,2,Yes,Yes,8349
2400,5.45,Yes,480,960,4,1000,8,5,2,Android,Yes,Yes,Yes,2,Yes,Yes,3751
3400,6.28,Yes,1080,2280,8,6000,128,20,20,Android,Yes,Yes,Yes,2,Yes,Yes,14299
5000,6.18,Yes,1080,2246,8,4000,64,16,12,Android,Yes,Yes,Yes,2,Yes,Yes,7999
3000,5.45,Yes,720,1440,4,1000,16,8,5,Android,Yes,Yes,Yes,2,Yes,Yes,3999
4000,6.19,Yes,720,1500,8,2000,32,13,8,Android,Yes,Yes,Yes,2,Yes,Yes,5899
2100,4.95,Yes,480,960,4,1000,16,5,5,Android,Yes,Yes,Yes,2,Yes,Yes,3790
2500,5,Yes,480,854,8,1000,8,5,5,Android,Yes,Yes,Yes,2,Yes,Yes,3400
3300,5.7,Yes,720,1440,8,3000,32,13,8,Android,Yes,Yes,No,2,Yes,Yes,8999
3000,5.45,Yes,720,1440,4,2000,16,13,8,Android,Yes,Yes,Yes,2,Yes,Yes,3539
5000,6.2,Yes,720,1520,8,3000,32,12,8,Android,Yes,Yes,Yes,2,Yes,Yes,10870
3000,6.2,Yes,1080,2270,8,4000,64,12,8,Android,Yes,Yes,Yes,2,Yes,Yes,8961
4000,5.45,Yes,480,960,4,1000,8,5,2,Android,Yes,Yes,Yes,2,Yes,Yes,3990
4030,6.22,Yes,720,1520,8,4000,64,13,20,Android,Yes,Yes,Yes,1,No,No,10499
3000,5.7,Yes,720,1440,4,2000,16,13,13,Android,Yes,Yes,Yes,2,Yes,Yes,6999
4030,6.2,Yes,720,1580,8,3000,64,13,8,Android,Yes,Yes,Yes,1,No,No,9950
5000,5.45,Yes,720,1440,4,1000,16,5,5,Android,Yes,Yes,Yes,2,Yes,Yes,4699
2000,5,Yes,480,854,4,1000,8,5,2,Android,Yes,Yes,Yes,2,Yes,Yes,3099
4000,6.19,Yes,720,1500,8,4000,64,13,8,Android,Yes,Yes,No,2,Yes,Yes,8490
4000,6.19,Yes,720,1500,8,3000,32,13,8,Android,Yes,Yes,No,2,Yes,Yes,6990
3000,5.7,Yes,720,1440,4,3000,32,13,5,Android,Yes,Yes,Yes,2,Yes,Yes,8999
4000,5.72,Yes,1440,2560,8,8000,64,12,8,Android,Yes,Yes,Yes,1,Yes,Yes,54990
2800,5.67,Yes,720,1498,4,2000,16,13,5,Android,Yes,Yes,Yes,2,Yes,Yes,4490
3000,6.18,Yes,1080,2246,8,4000,64,16,16,Android,Yes,Yes,Yes,2,Yes,Yes,8899
2400,5,Yes,720,1280,4,2000,16,8,8,Android,Yes,Yes,Yes,2,Yes,Yes,6999
2000,4.95,Yes,480,960,4,1000,8,5,5,Android,Yes,Yes,Yes,2,Yes,Yes,2999
3315,6.3,Yes,1080,2340,8,6000,64,16,25,Android,Yes,Yes,Yes,2,Yes,Yes,14229
3000,5.9,Yes,720,1440,8,4000,64,13,8,Android,Yes,Yes,No,1,No,No,9490
3600,6,Yes,1080,2160,8,4000,64,16,13,Android,Yes,Yes,Yes,2,No,No,12990
4000,5.45,Yes,720,1440,4,2000,16,13,5,Android,Yes,Yes,Yes,2,No,Yes,3999
3300,5.5,Yes,720,1440,8,3000,32,16,8,Android,Yes,Yes,No,2,Yes,Yes,4840
3500,5.5,Yes,720,1440,8,3000,32,13,8,Android,Yes,Yes,No,2,Yes,Yes,4900
3000,5.5,Yes,640,1280,8,2000,16,13,8,Android,Yes,Yes,No,2,Yes,Yes,3749
2500,5,Yes,720,1080,4,1000,16,5,5,Android,Yes,Yes,Yes,1,No,No,4890
2400,5,Yes,480,960,4,2000,16,5,2,Android,Yes,Yes,Yes,2,Yes,Yes,4350
2700,5.45,Yes,720,1440,4,1000,8,5,5,Android,Yes,Yes,Yes,2,Yes,Yes,4999
3700,6.28,Yes,1880,2220,8,6000,64,16,24,Android,Yes,Yes,Yes,2,No,No,20800
3260,6.22,Yes,720,1520,8,4000,64,13,8,Android,Yes,Yes,Yes,1,No,No,13950
3050,5.5,Yes,720,1440,4,2000,16,13,13,Android,Yes,Yes,No,2,Yes,Yes,5899
3050,5.5,Yes,720,1440,4,2000,16,13,8,Android,Yes,Yes,No,2,Yes,Yes,4599
3500,6.4,Yes,1080,2280,8,8000,128,16,25,Android,Yes,Yes,Yes,1,No,No,17990
3010,6,Yes,1080,2160,8,6000,64,12,20,Android,Yes,Yes,Yes,2,Yes,Yes,19490
4000,5.99,Yes,1080,2160,8,4000,64,13,16,Android,Yes,Yes,Yes,1,No,No,13999
3500,6,Yes,720,1480,8,4000,64,16,16,Android,Yes,Yes,Yes,2,Yes,Yes,19990
4000,6,Yes,720,1440,4,3000,32,13,13,Android,Yes,Yes,Yes,2,Yes,Yes,8990
3285,6,Yes,720,1440,4,2000,16,8,5,Android,No,Yes,No,1,No,No,7500
4000,6.2,Yes,720,1500,8,3000,32,12,8,Android,Yes,Yes,Yes,1,No,No,12999
3000,5.34,Yes,480,960,4,1000,8,5,5,Android,Yes,Yes,Yes,2,Yes,Yes,3499
2000,4.95,Yes,480,960,4,1000,8,5,2,Android,Yes,Yes,Yes,2,Yes,Yes,3450
4230,6.2,Yes,720,1520,8,2000,16,13,8,Android,Yes,Yes,Yes,1,No,No,7450
4230,6.2,Yes,720,1520,8,4000,32,13,8,Android,Yes,Yes,Yes,2,Yes,Yes,8990
3225,6,Yes,720,1440,8,4000,32,16,24,Android,Yes,Yes,Yes,1,No,No,7994
3000,5.6,Yes,720,1480,8,4000,64,13,8,Android,Yes,Yes,No,2,Yes,Yes,17600
2000,5,Yes,480,960,4,1000,8,5,2,Android,Yes,Yes,Yes,1,Yes,Yes,3499
3260,6.22,Yes,720,1520,8,3000,32,13,5,Android,Yes,Yes,Yes,2,Yes,Yes,9790
2400,5,Yes,720,1280,4,1000,16,5,5,Android,Yes,Yes,Yes,2,Yes,Yes,3899
3000,5.7,Yes,720,1440,4,2000,16,13,5,Android,Yes,Yes,Yes,1,No,No,7900
2500,5,Yes,720,1440,4,1000,16,8,5,Android,Yes,Yes,Yes,2,Yes,Yes,6499
2800,5,Yes,480,854,4,1000,8,5,5,Android,Yes,Yes,Yes,2,Yes,Yes,2999
3300,6.2,Yes,1080,2160,8,4000,64,16,5,Android,Yes,Yes,Yes,1,No,No,16999
3300,6.2,Yes,1080,2160,8,3000,32,16,5,Android,Yes,Yes,Yes,1,No,No,14999
4000,5.45,Yes,720,1440,4,2000,16,13,8,Android,Yes,Yes,Yes,2,Yes,Yes,5300
2990,5.2,Yes,720,1440,8,2000,16,13,8,Android,Yes,Yes,Yes,1,No,No,5994
2800,5,Yes,720,1280,4,1000,16,13,5,Android,Yes,Yes,No,1,No,No,4599
3260,6.22,Yes,720,1520,8,4000,32,13,8,Android,Yes,Yes,Yes,2,Yes,Yes,10399
3500,4.5,Yes,1080,1620,8,4000,64,12,8,Android,Yes,Yes,Yes,2,Yes,Yes,19994
3000,5,Yes,720,1280,4,2000,16,8,13,Android,Yes,Yes,No,2,Yes,Yes,4294
2000,4.5,Yes,480,854,4,1000,8,5,5,Android,Yes,Yes,Yes,2,Yes,Yes,3789
4000,5.45,Yes,720,1440,4,3000,32,13,8,Android,Yes,Yes,Yes,2,No,Yes,4299
3000,5.5,Yes,1080,2160,8,4000,64,16,5,Android,Yes,Yes,Yes,1,No,No,11849
3000,5.5,Yes,1080,2160,8,3000,32,13,8,Android,Yes,Yes,Yes,1,No,No,8875
3500,6,Yes,1440,2880,8,6000,64,12,8,Android,Yes,Yes,Yes,2,Yes,Yes,74990
3060,5.8,Yes,1080,2280,8,4000,32,16,16,Android,Yes,Yes,Yes,2,Yes,Yes,6999
4000,5.99,Yes,720,1440,4,3000,32,13,13,Android,Yes,Yes,Yes,2,No,No,4378
3000,5.5,Yes,720,1280,4,2000,16,13,5,Android,Yes,Yes,Yes,2,Yes,Yes,6924
2900,5.2,Yes,720,1280,4,2000,16,8,8,Android,Yes,Yes,Yes,2,No,No,6999
2800,5.2,Yes,720,1280,4,3000,32,13,5,Android,Yes,Yes,Yes,2,Yes,Yes,4999
2300,5,Yes,720,1280,4,1000,16,8,5,Android,Yes,Yes,Yes,2,No,No,3675
3000,6.1,Yes,1440,3120,8,4000,64,16,8,Android,Yes,Yes,Yes,2,No,No,35999
3000,5.6,Yes,720,1480,8,4000,32,16,16,Android,Yes,Yes,Yes,1,No,No,12999
2600,5,Yes,540,960,4,2000,16,8,5,Android,Yes,Yes,Yes,2,Yes,Yes,6799
2500,5,Yes,540,960,4,2000,16,8,5,Android,Yes,Yes,Yes,2,Yes,Yes,7706
3260,6.3,Yes,1080,2280,8,4000,32,16,16,Android,Yes,Yes,Yes,2,Yes,Yes,8990
4000,5.7,Yes,720,1440,4,2000,16,13,5,Android,Yes,Yes,No,2,Yes,Yes,7950
3360,6,Yes,720,1440,4,3000,16,13,5,Android,Yes,Yes,Yes,2,Yes,Yes,8500
2500,5,Yes,720,1280,4,2000,16,8,5,Android,Yes,Yes,No,1,No,No,4590
3000,5.5,Yes,720,1280,8,4000,32,13,8,Android,Yes,Yes,Yes,2,No,No,10640
3000,5.7,Yes,720,1440,8,2000,32,13,8,Android,Yes,Yes,Yes,2,Yes,Yes,6999
3000,5.7,Yes,720,1440,4,2000,16,13,8,Android,No,No,No,2,No,No,7999
3180,5.7,Yes,720,1440,8,2000,16,13,8,Android,Yes,Yes,Yes,2,Yes,Yes,9490
2500,5,Yes,720,1280,4,2000,16,8,5,Android,Yes,Yes,No,2,Yes,Yes,6299
3300,5.5,Yes,1080,1920,8,3000,32,13,13,Android,Yes,Yes,Yes,2,Yes,Yes,10500
2500,5,Yes,720,1280,4,2000,16,8,5,Android,Yes,Yes,Yes,2,No,No,3999
2400,5.45,Yes,720,1440,4,2000,16,8,8,Android,Yes,Yes,Yes,2,Yes,Yes,3890
2400,5.45,Yes,480,960,4,1000,8,5,5,Android,Yes,Yes,Yes,2,Yes,Yes,6600
3200,5.93,Yes,1080,2160,8,4000,64,12,8,Android,Yes,Yes,Yes,2,Yes,Yes,12900
2000,4.5,Yes,480,854,4,1000,8,5,5,Android,Yes,Yes,Yes,2,Yes,Yes,4540
3180,5.7,Yes,1080,2160,8,4000,64,19,5,Android,Yes,Yes,Yes,2,Yes,Yes,57900
1500,2.45,No,240,320,2,512,4,2,0,Cyanogen,Yes,Yes,Yes,2,Yes,Yes,2999
3000,6,Yes,1080,2160,4,3000,32,16,8,Android,Yes,Yes,Yes,2,Yes,Yes,10999
3000,5.7,Yes,720,1440,4,3000,32,13,5,Android,Yes,Yes,Yes,2,Yes,Yes,9999
4500,5.2,Yes,1080,1920,8,4000,64,16,8,Android,Yes,Yes,No,1,No,No,67900
4000,5.5,Yes,720,1280,4,2000,16,13,8,Android,Yes,Yes,Yes,2,Yes,Yes,8226
2700,5,Yes,720,1280,4,3000,32,16,8,Android,Yes,Yes,Yes,2,Yes,Yes,7249
3900,5,Yes,720,1280,4,1000,16,8,5,Android,Yes,Yes,Yes,2,Yes,Yes,5999
3050,5,Yes,720,1280,4,2000,32,13,8,Android,Yes,Yes,Yes,2,Yes,Yes,5399
2500,5,Yes,720,1280,4,1000,16,8,8,Android,Yes,Yes,Yes,1,No,No,3599
2200,5,Yes,720,1280,4,1000,8,5,2,Android,Yes,Yes,Yes,1,No,No,3799
2200,5,Yes,720,1280,4,1000,16,8,5,Android,Yes,Yes,No,2,Yes,Yes,4499
2400,5,Yes,720,1280,4,1000,8,5,5,Android,Yes,Yes,Yes,1,No,No,3899
3000,5.2,Yes,720,1280,8,3000,16,13,5,Android,Yes,Yes,No,2,Yes,Yes,7999
2500,5,Yes,540,960,4,2000,16,8,5,Android,Yes,Yes,Yes,2,Yes,Yes,8490
2350,5,Yes,480,854,4,1000,16,5,2,Android,Yes,Yes,Yes,2,Yes,Yes,3799
3930,6,Yes,1080,2160,8,4000,64,12,5,Android,Yes,Yes,Yes,2,Yes,Yes,19999
3000,5.5,Yes,1080,1920,4,3000,32,13,13,Android,Yes,Yes,Yes,2,Yes,Yes,4799
3000,5.45,Yes,640,1280,4,3000,32,13,8,Android,Yes,Yes,Yes,2,Yes,Yes,4999
3300,5.5,Yes,720,1280,4,3000,32,13,8,Android,Yes,Yes,Yes,2,Yes,Yes,73300
3580,6,Yes,1080,1920,8,4000,32,23,16,Android,Yes,Yes,Yes,2,Yes,Yes,74164
5000,5.2,Yes,720,1280,4,2000,16,8,5,Android,Yes,Yes,Yes,1,No,No,4470
3100,5.2,Yes,720,1280,4,4000,32,13,16,Android,Yes,Yes,Yes,2,Yes,Yes,6290
2600,5,Yes,720,1280,4,1000,8,8,5,Android,Yes,Yes,Yes,2,Yes,Yes,3199
1800,4,Yes,480,800,4,512,4,3.2,2,Android,Yes,Yes,Yes,2,Yes,Yes,2999
2200,5,Yes,480,854,4,1000,16,8,5,Android,Yes,Yes,Yes,2,Yes,Yes,4190
1700,4,Yes,480,800,4,1000,8,2,0.3,Android,Yes,Yes,Yes,2,Yes,Yes,3749
2300,4,Yes,480,800,4,1000,8,5,2,Android,Yes,Yes,Yes,2,Yes,Yes,2550
2500,5,Yes,720,1280,4,3000,32,13,5,Android,Yes,Yes,Yes,2,Yes,Yes,5490
4000,5,Yes,720,1280,4,3000,32,13,8,Android,Yes,Yes,Yes,2,Yes,Yes,6729
1600,4,Yes,480,800,4,1000,8,5,2,Android,Yes,Yes,Yes,2,Yes,Yes,2340
3000,5.7,Yes,720,1440,8,4000,64,20,16,Android,Yes,Yes,Yes,2,Yes,Yes,6999
2600,5,Yes,720,1280,4,3000,32,13,5,Android,Yes,Yes,No,2,Yes,Yes,3999
5000,5.2,Yes,720,1280,4,1000,16,5,5,Android,Yes,Yes,Yes,2,Yes,Yes,4790
2400,5,Yes,720,1280,4,2000,16,8,8,Android,Yes,Yes,Yes,2,Yes,Yes,5295
2670,5.45,Yes,720,1440,8,2000,16,8,5,Android,Yes,Yes,Yes,2,Yes,Yes,3999
2500,5,Yes,720,1280,4,1000,16,8,5,Android,Yes,No,Yes,2,Yes,Yes,7990
4350,5.98,Yes,1080,1920,8,6000,64,12,16,Android,Yes,Yes,Yes,2,Yes,Yes,12999
2500,5,Yes,720,1280,4,2000,16,8,5,Android,Yes,Yes,Yes,2,Yes,Yes,4970
2700,5.2,Yes,480,854,4,1000,8,8,5,Android,Yes,Yes,Yes,2,Yes,Yes,4495
2300,5,Yes,480,854,4,1000,8,2,2,Android,Yes,Yes,Yes,2,Yes,Yes,2999
2300,5,Yes,480,854,4,1000,8,5,2,Android,Yes,Yes,Yes,2,Yes,Yes,3800
1500,4,Yes,480,800,4,1000,8,3.2,2,Android,Yes,Yes,Yes,2,Yes,Yes,2450
3500,5.5,Yes,1080,1920,8,3000,32,13,8,Android,Yes,Yes,Yes,2,Yes,Yes,4890
2300,5,Yes,480,854,4,1000,8,5,2,Android,Yes,Yes,Yes,2,Yes,Yes,3999
2500,5,Yes,720,1280,4,2000,16,13,5,Android,Yes,Yes,Yes,2,Yes,Yes,8990
2700,5,Yes,480,854,4,1000,16,8,5,Android,Yes,Yes,Yes,2,Yes,Yes,4900
5000,5.2,Yes,720,1280,4,3000,32,13,5,Android,Yes,Yes,Yes,2,Yes,Yes,5935
3080,5.5,Yes,720,1280,4,2000,16,13,5,Android,Yes,Yes,Yes,2,Yes,Yes,5999
4000,5.5,Yes,720,1290,4,3000,32,12,8,Android,Yes,Yes,Yes,2,Yes,Yes,14990
2300,5,Yes,480,854,4,1000,8,5,8,Android,Yes,Yes,Yes,2,Yes,Yes,3282
1500,4,Yes,480,800,4,1000,8,3.2,2,Android,Yes,Yes,No,2,Yes,Yes,3199
2620,5.2,Yes,720,1280,8,3000,32,13,8,Android,Yes,Yes,Yes,2,Yes,Yes,9500
2620,5.2,Yes,720,1280,8,2000,16,13,8,Android,Yes,Yes,Yes,2,Yes,Yes,9990
4000,5,Yes,720,1280,4,2000,16,13,8,Android,Yes,Yes,Yes,1,Yes,Yes,7490
1300,4,Yes,480,800,4,512,4,2,0.3,Android,Yes,Yes,Yes,2,Yes,Yes,2299
4100,5,Yes,720,1280,4,1000,8,8,5,Android,Yes,Yes,Yes,2,Yes,Yes,6999
2000,5,Yes,720,1280,4,2000,16,8,5,Android,Yes,Yes,Yes,2,Yes,Yes,3970
2500,5,Yes,720,1280,4,1000,8,5,8,Android,Yes,Yes,Yes,1,Yes,Yes,5999
3000,5,Yes,720,1280,4,2000,16,8,13,Android,Yes,Yes,Yes,2,Yes,Yes,7499
3000,5,Yes,720,1280,4,3000,16,13,13,Android,Yes,Yes,Yes,2,Yes,Yes,8499
2000,4.7,Yes,540,960,4,1000,8,5,2,Android,Yes,Yes,Yes,2,Yes,Yes,6000
2500,5,Yes,720,1280,4,3000,32,13,8,Android,Yes,No,Yes,2,Yes,Yes,4399
4000,5.5,Yes,1080,1920,8,4000,32,12,8,Android,Yes,Yes,Yes,1,Yes,Yes,29999
2750,5.2,Yes,720,1280,4,3000,32,8,8,Android,Yes,Yes,Yes,2,Yes,Yes,9999
2500,5,Yes,720,1280,4,3000,16,8,5,Android,Yes,Yes,Yes,2,Yes,Yes,4725
2500,5,Yes,720,1280,4,2000,16,8,5,Android,Yes,Yes,Yes,2,Yes,Yes,5279
4000,5,Yes,720,1280,4,2000,16,8,8,Android,Yes,Yes,Yes,2,Yes,Yes,4199
2500,5,Yes,480,854,4,2000,16,8,5,Android,Yes,Yes,Yes,2,Yes,Yes,4321
2200,5,Yes,480,854,4,2000,16,5,2,Android,Yes,Yes,Yes,2,Yes,Yes,3799
3000,5,Yes,720,1280,4,2000,16,8,5,Android,Yes,Yes,Yes,2,No,Yes,5699
4000,5.5,Yes,1080,1920,8,3000,32,13,16,Android,Yes,No,Yes,2,Yes,Yes,6999
2300,5.2,Yes,480,854,4,1000,8,8,5,Android,Yes,Yes,Yes,2,Yes,Yes,3490
2400,5,Yes,240,854,4,1000,8,5,5,Android,Yes,Yes,Yes,1,Yes,Yes,3890
2700,5,Yes,720,1280,4,3000,16,8,8,Android,Yes,Yes,Yes,2,Yes,Yes,5410
2300,5,Yes,480,854,4,1000,8,5,5,Android,Yes,Yes,Yes,2,Yes,Yes,3299
1750,4,Yes,480,800,4,1000,8,5,2,Android,Yes,Yes,Yes,2,Yes,Yes,2950
4000,5.2,Yes,720,1280,4,3000,16,13,16,Android,Yes,Yes,Yes,2,Yes,Yes,5699
2500,5,Yes,720,1280,4,1000,8,5,5,Android,Yes,Yes,Yes,2,Yes,Yes,3480
2000,4.5,Yes,480,854,1,1000,8,5,5,Android,Yes,Yes,Yes,2,Yes,Yes,3290
5000,5.5,Yes,1080,1920,8,3000,32,13,13,Android,Yes,Yes,Yes,2,Yes,Yes,6999
4000,5,Yes,720,1280,4,3000,32,13,5,Android,Yes,Yes,Yes,2,Yes,Yes,5891
3930,5.5,Yes,1080,1920,8,4000,64,16,8,Android,Yes,Yes,Yes,2,Yes,Yes,13999
2800,5.5,Yes,720,1280,4,2000,16,8,5,Android,Yes,Yes,Yes,2,Yes,Yes,4799
3000,5.2,Yes,720,1280,8,4000,64,13,8,Android,Yes,Yes,Yes,1,Yes,Yes,6195
4000,5.5,Yes,1080,1920,8,2000,16,13,5,Android,Yes,Yes,Yes,2,Yes,Yes,4999
4000,5.2,Yes,720,1280,8,3000,32,13,8,Android,Yes,Yes,Yes,2,Yes,Yes,7040
2210,5,Yes,480,854,4,1000,16,8,5,Android,Yes,Yes,Yes,2,Yes,Yes,6604
3000,5.2,Yes,720,1280,8,2000,16,13,5,Android,Yes,Yes,Yes,2,Yes,Yes,8490
3000,5.2,Yes,720,1280,4,3000,32,13,8,Android,Yes,Yes,Yes,2,Yes,Yes,4950
3000,5.2,Yes,720,1280,4,2000,16,8,8,Android,Yes,Yes,Yes,2,Yes,Yes,3790
4000,5.5,Yes,1080,1920,8,3000,32,16,8,Android,Yes,Yes,Yes,1,No,Yes,8999
4000,4.7,Yes,720,1280,4,2000,16,8,2,Android,Yes,Yes,Yes,2,No,No,27990
5000,5,Yes,1080,1920,8,3000,32,13,8,Android,Yes,Yes,Yes,2,No,No,44990
3430,5.5,Yes,1080,1920,8,3000,32,23,8,Android,Yes,Yes,Yes,2,Yes,Yes,15990
2800,5.5,Yes,720,1280,4,2000,16,8,5,Android,Yes,Yes,Yes,2,Yes,Yes,4390
3000,5.5,Yes,720,1280,4,2000,16,13,5,Android,Yes,Yes,No,1,Yes,Yes,6449
2400,5,Yes,480,854,4,1000,16,8,5,Android,Yes,Yes,No,1,Yes,Yes,5199
2500,5,Yes,480,854,4,1000,8,8,5,Android,Yes,Yes,No,1,Yes,Yes,3599
2300,4,Yes,480,800,4,1000,8,5,2,Android,Yes,Yes,No,1,Yes,Yes,2499
1800,4,Yes,480,800,4,512,4,5,2,Android,Yes,Yes,No,1,Yes,Yes,2599
2500,5,Yes,480,854,4,1000,16,5,5,Android,Yes,Yes,Yes,1,No,No,4999
3000,5.5,Yes,720,1280,8,3000,32,13,16,Android,Yes,Yes,Yes,2,Yes,Yes,9500
2000,4.5,Yes,480,854,4,2000,16,8,5,Android,Yes,Yes,Yes,2,Yes,Yes,2900
2500,4,Yes,480,854,4,512,4,5,2,Android,Yes,No,Yes,2,Yes,Yes,2499
4000,5.5,Yes,1080,1920,8,3000,16,12,16,Android,Yes,No,Yes,2,Yes,Yes,14000
2000,5,Yes,720,1280,4,2000,16,8,5,Android,Yes,Yes,Yes,2,Yes,Yes,7499
2000,5,Yes,720,1280,4,2000,32,8,5,Android,Yes,Yes,Yes,2,Yes,Yes,3999
2200,5,Yes,720,1280,4,2000,16,13,8,Android,Yes,Yes,Yes,2,No,No,6499
2400,5,Yes,480,854,4,1000,8,5,2,Android,Yes,Yes,Yes,2,Yes,Yes,3950
3000,5,Yes,720,1280,4,2000,16,8,8,Android,Yes,Yes,Yes,2,Yes,Yes,4978
2700,5,Yes,720,1280,4,1000,32,8,5,Android,Yes,Yes,Yes,2,No,Yes,4995
2700,5.2,Yes,720,1280,4,2000,32,13,8,Android,Yes,Yes,Yes,2,No,Yes,5499
5000,5.2,Yes,720,1280,4,3000,32,13,8,Android,Yes,Yes,Yes,2,No,Yes,8666
3000,5.5,Yes,1080,1920,8,3000,32,13,5,Android,Yes,Yes,Yes,1,Yes,Yes,4499
3300,5.5,Yes,1080,1920,1,4000,64,12,8,Android,Yes,Yes,Yes,2,Yes,Yes,6499
2500,5,Yes,480,854,4,1000,8,8,5,Android,Yes,Yes,Yes,2,Yes,Yes,3499
2200,5,Yes,720,1280,4,1000,16,8,5,Android,Yes,Yes,Yes,2,Yes,Yes,4990
3000,5.5,Yes,720,1280,8,4000,64,16,20,Android,Yes,Yes,Yes,2,Yes,Yes,6998
5000,5,Yes,480,854,4,1000,8,5,2,Android,Yes,Yes,Yes,1,No,No,3880
4000,5.2,Yes,720,1280,8,3000,16,13,8,Android,Yes,Yes,Yes,2,No,Yes,5935
4000,5.3,Yes,720,1280,8,3000,32,13,20,Android,Yes,Yes,Yes,2,Yes,Yes,4999
2300,4,Yes,480,800,4,1000,8,2,0.3,Android,Yes,Yes,No,2,No,No,2754
3000,5,Yes,720,1280,4,2000,16,8,5,Android,Yes,Yes,Yes,2,Yes,Yes,3599
3000,5.2,Yes,720,1280,4,3000,32,13,13,Android,Yes,Yes,Yes,2,Yes,Yes,3999
2500,5,Yes,720,1280,4,2000,16,8,5,Android,Yes,Yes,Yes,1,Yes,Yes,4610
3300,6,Yes,720,1280,4,2000,16,8,5,Android,Yes,Yes,Yes,2,Yes,Yes,5899
4000,5.5,Yes,720,1280,4,3000,16,13,5,Android,Yes,Yes,Yes,2,No,Yes,7499
4300,5.7,Yes,1080,1920,4,3000,32,13,8,Android,Yes,Yes,Yes,2,No,Yes,8999
3000,5.2,Yes,720,1280,4,3000,32,13,8,Android,Yes,Yes,No,2,No,Yes,4895
3000,5.2,Yes,1080,1920,8,4000,64,12,16,Android,Yes,No,Yes,2,No,No,28000
2500,5,Yes,720,1280,4,2000,16,13,5,Android,Yes,Yes,Yes,2,Yes,Yes,4499
2000,4.5,Yes,480,854,4,1000,8,5,2,Android,Yes,Yes,Yes,2,No,Yes,3590
3000,5.5,Yes,720,1280,8,2000,16,13,5,Android,Yes,Yes,Yes,2,Yes,Yes,10990
4000,5,Yes,720,1280,4,2000,16,8,8,Android,Yes,Yes,Yes,1,No,No,5440
3000,5,Yes,720,1280,4,2000,16,8,5,Android,Yes,Yes,Yes,2,Yes,Yes,3290
2000,4.5,Yes,480,854,4,1000,8,5,5,Android,Yes,Yes,Yes,2,Yes,Yes,3450
2000,5,Yes,480,854,4,1000,8,5,2,Android,Yes,Yes,Yes,2,Yes,Yes,4099
2500,5,Yes,720,1280,4,2000,16,8,5,Android,Yes,Yes,Yes,2,Yes,Yes,3690
3000,5.5,Yes,720,1280,1,2000,16,8,5,Android,Yes,Yes,No,1,Yes,Yes,4879
3000,5.5,Yes,1080,1920,4,4000,32,16,12,Android,Yes,Yes,Yes,1,Yes,Yes,6449
2500,5,Yes,720,1280,4,2000,16,8,5,Android,Yes,Yes,Yes,2,Yes,Yes,6888
3000,5.5,Yes,1080,2160,8,4000,64,13,5,Android,Yes,Yes,Yes,1,Yes,Yes,9999
2450,5,Yes,720,1280,4,2000,16,8,5,Android,Yes,Yes,Yes,2,Yes,Yes,3980
3000,5.5,Yes,720,1280,8,3000,32,13,5,Android,Yes,Yes,Yes,2,Yes,Yes,8999
3300,5.7,Yes,1080,1920,8,4000,32,13,13,Android,Yes,Yes,Yes,2,Yes,Yes,11046
3600,5.5,Yes,1080,1920,8,3000,64,13,13,Android,Yes,Yes,Yes,2,No,Yes,16900
2800,5.5,Yes,1080,1920,8,3000,16,13,5,Android,Yes,Yes,Yes,2,Yes,Yes,4990
4000,5.5,Yes,720,1280,4,3000,16,13,5,Android,Yes,Yes,Yes,2,Yes,Yes,5831
2500,5,No,480,854,4,1000,8,5,5,Android,Yes,Yes,Yes,1,Yes,Yes,3499
2000,4.5,Yes,480,800,4,1000,8,5,5,Android,Yes,Yes,Yes,2,Yes,Yes,4900
4000,5,Yes,720,1280,4,1000,8,5,5,Android,Yes,Yes,Yes,2,Yes,Yes,3399
2000,4.5,Yes,480,854,4,1000,8,5,2,Android,Yes,Yes,Yes,2,Yes,Yes,3860
2400,5,Yes,480,854,4,2000,16,5,5,Android,Yes,Yes,Yes,2,Yes,Yes,6506
4000,5,Yes,720,1280,4,2000,16,8,2,Android,Yes,Yes,Yes,2,Yes,Yes,6190
1050,4.5,Yes,480,800,4,1000,8,5,5,Tizen,Yes,Yes,Yes,2,Yes,Yes,4790
4000,5,Yes,720,1280,4,2000,16,8,2,Android,Yes,Yes,No,2,Yes,Yes,6499
4000,5,Yes,720,1280,4,3000,16,13,5,Android,Yes,Yes,No,2,Yes,Yes,7999
2150,5,Yes,720,1280,4,1000,8,8,5,Android,Yes,Yes,Yes,2,Yes,Yes,6326
2100,5,Yes,720,1280,4,2000,16,13,5,Android,Yes,Yes,Yes,2,No,Yes,7490
3000,5.5,Yes,720,1280,4,2000,16,13,5,Android,Yes,Yes,Yes,2,Yes,Yes,6110
4000,5,Yes,720,1280,4,1000,8,5,5,Android,Yes,Yes,No,2,Yes,Yes,4399
2000,5,No,480,854,4,768,8,5,2,Android,Yes,Yes,Yes,2,Yes,Yes,2999
1750,4,Yes,480,800,4,1000,8,5,2,Android,Yes,Yes,Yes,2,No,Yes,4625
2100,5,Yes,480,854,4,1000,16,5,2,Android,Yes,Yes,Yes,2,Yes,Yes,3389
2450,5,Yes,480,854,4,2000,16,8,5,Android,Yes,Yes,Yes,2,Yes,Yes,2999
2500,5,Yes,720,1280,4,1000,16,5,5,Android,Yes,Yes,Yes,2,Yes,Yes,5599
5000,5.5,Yes,720,1280,4,3000,32,13,5,Android,Yes,Yes,Yes,2,Yes,Yes,9999
3000,5,Yes,480,854,4,1000,16,5,5,Android,Yes,Yes,Yes,2,No,Yes,3499
1450,4,No,480,800,4,1000,16,0,0,Android,Yes,Yes,Yes,2,No,No,4888
2100,4.5,Yes,480,854,4,1000,8,5,2,Android,Yes,Yes,Yes,2,Yes,Yes,5499
4000,5.5,Yes,720,1280,4,3000,32,13,8,Android,Yes,Yes,Yes,2,Yes,Yes,6789
3050,5,Yes,720,1280,4,3000,16,8,8,Android,Yes,Yes,Yes,2,Yes,Yes,9993
4000,5.5,Yes,720,1280,4,2000,16,13,8,Android,Yes,Yes,Yes,2,Yes,Yes,6629
3050,5,Yes,720,1280,4,2000,16,8,8,Android,Yes,Yes,Yes,2,Yes,Yes,7142
3000,5,Yes,480,854,4,1000,8,5,2,Android,Yes,Yes,Yes,2,Yes,Yes,5599
2350,5,Yes,480,854,4,1000,8,5,2,Android,Yes,Yes,Yes,2,Yes,No,5499
2800,5,Yes,720,1280,4,2000,16,8,5,Android,Yes,Yes,Yes,2,Yes,Yes,8499
4000,5.5,Yes,1080,1920,8,3000,32,13,5,Android,Yes,Yes,No,1,Yes,Yes,4960
2500,5.5,Yes,720,1280,4,3000,16,8,5,Android,Yes,Yes,Yes,2,No,No,3980
2000,5,Yes,480,854,4,1000,8,5,2,Android,Yes,Yes,Yes,2,No,Yes,4105
2450,5,Yes,480,854,4,1000,8,5,2,Android,Yes,Yes,Yes,2,Yes,Yes,3699
2200,5,Yes,720,1280,4,2000,16,8,8,Android,Yes,Yes,Yes,2,Yes,Yes,6100
2000,4.5,Yes,480,854,4,1000,8,5,3.2,Android,Yes,Yes,Yes,2,Yes,Yes,3900
1300,4,Yes,480,800,4,512,4,2,0.3,Android,Yes,Yes,Yes,2,No,Yes,2359
2000,4,Yes,480,800,4,512,4,5,1.3,Android,Yes,Yes,Yes,2,Yes,Yes,1999
2400,5,No,480,854,4,1000,8,5,2,Android,Yes,Yes,Yes,2,Yes,Yes,4880
4000,5.5,Yes,720,1280,4,3000,32,13,5,Android,Yes,Yes,Yes,2,Yes,Yes,5930
3000,5.2,Yes,1080,1920,8,4000,32,16,8,Android,Yes,Yes,Yes,2,Yes,Yes,11499
1450,4,Yes,480,800,4,512,4,5,1.3,Android,Yes,Yes,No,2,No,Yes,3935
1800,4.5,Yes,480,854,4,1000,8,5,2,Android,Yes,Yes,Yes,2,No,No,4999
2000,5,Yes,720,1280,4,1000,8,5,2,Android,Yes,Yes,No,2,Yes,Yes,4790
5000,5.5,Yes,1080,1920,8,4000,64,13,16,Android,Yes,Yes,Yes,2,Yes,Yes,9049
3000,5.5,Yes,720,1280,8,3000,64,13,16,Android,Yes,Yes,Yes,2,Yes,Yes,7160
2000,5,Yes,480,854,4,1000,8,5,2,Android,Yes,Yes,Yes,1,Yes,Yes,5668
2600,5,Yes,480,854,4,1000,8,5,2,Android,Yes,Yes,Yes,2,Yes,Yes,3999
2000,4.5,Yes,480,854,4,1000,8,5,2,Android,Yes,Yes,Yes,2,No,No,6450
4070,5.5,Yes,1080,1920,4,4000,32,16,8,Android,Yes,Yes,Yes,2,Yes,Yes,10990
3000,5,Yes,1440,2560,4,1000,8,5,5,Android,Yes,Yes,Yes,2,Yes,Yes,3900
2500,5,Yes,720,1280,4,3000,32,13,8,Android,Yes,Yes,Yes,2,Yes,Yes,4400
2000,5,Yes,480,854,4,1000,8,5,2,Android,Yes,Yes,Yes,2,No,Yes,3690
3000,5.5,Yes,720,1280,4,2000,16,8,5,Android,Yes,Yes,Yes,2,Yes,Yes,5999
2800,5,Yes,720,1280,8,2000,16,13,5,Android,Yes,Yes,Yes,2,No,No,5200
2800,5.2,Yes,720,1280,8,3000,16,13,5,Android,Yes,Yes,Yes,2,Yes,Yes,15026
2300,5,Yes,720,1280,8,3000,32,23,8,Android,Yes,Yes,No,2,No,Yes,7994
2500,5,Yes,720,1280,4,2000,16,8,5,Android,Yes,Yes,Yes,2,Yes,Yes,5999
3000,5.2,Yes,720,1280,8,2000,16,13,8,Android,Yes,Yes,Yes,2,Yes,Yes,8999
1800,4,Yes,480,854,4,1000,16,5,1.3,Android,Yes,Yes,No,2,Yes,Yes,2690
2600,5,Yes,720,1280,4,2000,16,13,5,Android,Yes,Yes,Yes,2,Yes,Yes,4999
2000,5,Yes,480,854,4,1000,8,5,2,Android,Yes,Yes,Yes,2,Yes,Yes,4400
1500,4,Yes,360,640,4,512,4,2,0.3,Android,Yes,Yes,Yes,2,Yes,Yes,4095
2000,4.7,Yes,720,1280,4,1000,8,5,5,Android,Yes,Yes,Yes,2,Yes,Yes,4050
4000,5.5,Yes,720,1280,4,2000,16,8,5,Android,Yes,Yes,Yes,2,Yes,Yes,4499
2500,5,Yes,720,1280,4,2000,8,8,5,Android,Yes,Yes,Yes,2,Yes,Yes,5599
2500,5,Yes,720,1280,4,1000,8,8,5,Android,Yes,Yes,Yes,2,Yes,Yes,6199
2000,5,Yes,720,1280,1,1000,8,5,2,Android,Yes,Yes,Yes,1,No,No,4499
4000,5,Yes,720,1280,1,1000,8,8,2,Android,Yes,Yes,Yes,1,Yes,Yes,3999
2600,5,Yes,540,960,1,1000,8,8,5,Android,Yes,No,No,2,No,No,5990
2500,5,Yes,480,854,4,1000,8,5,2,Android,Yes,Yes,Yes,2,No,No,2999
2500,5,Yes,720,1280,4,2000,16,8,5,Android,Yes,Yes,Yes,2,Yes,Yes,6099
3000,5.5,Yes,720,1280,8,2000,16,13,5,Android,No,Yes,Yes,2,No,Yes,7000
3000,5.2,Yes,1080,1920,8,3000,32,16,5,Android,Yes,Yes,Yes,2,Yes,Yes,7599
2800,5.5,Yes,720,1280,4,1000,8,5,3.2,Android,Yes,Yes,Yes,2,Yes,Yes,5900
2250,5,Yes,720,1280,4,2000,16,8,5,Android,Yes,Yes,Yes,2,Yes,Yes,6099
3200,5.7,Yes,720,1280,8,3000,16,13,8,Android,Yes,Yes,Yes,1,Yes,Yes,6999
2500,5,Yes,720,1280,4,2000,16,13,5,Android,Yes,Yes,Yes,2,Yes,Yes,7450
3100,5.5,Yes,1080,1920,4,4000,64,13,8,Android,Yes,Yes,Yes,2,Yes,Yes,29124
2700,5.5,Yes,720,1280,4,1000,8,8,5,Android,Yes,Yes,Yes,2,Yes,Yes,3899
1850,4.5,Yes,480,800,4,1000,8,5,5,Android,Yes,Yes,Yes,2,No,No,5599
3000,5.5,Yes,1080,1920,8,4000,32,13,8,Android,Yes,Yes,Yes,2,Yes,Yes,12999
2600,5.3,Yes,720,1280,4,2000,16,13,5,Android,Yes,No,Yes,2,Yes,Yes,8000
2000,4,Yes,480,800,4,1000,8,5,1.3,Android,Yes,Yes,Yes,2,Yes,Yes,3999
2300,5,Yes,720,1280,4,2000,16,8,5,Android,Yes,No,Yes,2,No,No,7499
1800,4.5,Yes,480,854,4,1000,8,5,2,Android,Yes,Yes,Yes,2,Yes,Yes,4950
1600,4,Yes,480,800,4,1000,8,5,2,Android,Yes,Yes,Yes,2,Yes,Yes,4499
4000,5.5,Yes,1080,1920,8,3000,16,13,5,Android,Yes,Yes,Yes,2,No,Yes,5490
2800,5.5,Yes,1080,1920,8,2000,16,13,5,Android,Yes,Yes,Yes,2,Yes,Yes,5550
2800,5.5,Yes,720,1280,4,2000,32,8,5,Android,Yes,Yes,No,2,No,Yes,4999
3400,5.7,Yes,1440,2560,8,4000,64,12,5,Android,Yes,Yes,Yes,2,No,Yes,27600
3000,5.5,Yes,720,1280,8,3000,32,13,5,Android,Yes,Yes,Yes,2,Yes,Yes,13990
3200,5.5,Yes,1440,2560,8,3000,32,16,8,Android,Yes,Yes,Yes,1,Yes,Yes,11100
2250,5,Yes,720,1280,4,1000,8,8,5,Android,Yes,Yes,Yes,2,Yes,Yes,5099
2000,5,Yes,720,1280,4,1000,16,8,2,Android,Yes,Yes,Yes,2,No,Yes,6998
2300,5.5,Yes,720,1280,4,2000,16,8,5,Android,Yes,Yes,Yes,2,Yes,Yes,4598
3050,5.5,Yes,1080,1920,8,3000,32,16,8,Android,Yes,Yes,Yes,2,Yes,Yes,7499
2000,4.5,Yes,480,854,4,1000,8,8,5,Android,Yes,Yes,Yes,2,Yes,Yes,3499
4000,5.9,Yes,1080,1920,8,4000,64,20,8,Android,Yes,Yes,Yes,2,Yes,Yes,53983
4350,5,Yes,720,1280,4,1000,8,0,0,Android,Yes,Yes,Yes,2,No,No,3499
2900,5.5,Yes,480,854,4,1000,8,5,3.2,Android,Yes,Yes,Yes,2,Yes,No,3739
2500,5,Yes,480,854,4,1000,8,5,2,Android,Yes,Yes,Yes,2,Yes,Yes,4999
3300,5.5,Yes,1080,1920,8,3000,16,13,8,Android,Yes,Yes,Yes,2,Yes,Yes,11200
2350,5,Yes,720,1280,4,1000,8,5,5,Android,Yes,Yes,Yes,2,No,No,4099
2100,5,Yes,720,1280,4,2000,16,8,5,Android,Yes,Yes,Yes,2,Yes,Yes,4289
3650,5.5,Yes,720,1280,4,2000,16,8,5,Android,Yes,Yes,Yes,2,Yes,Yes,6772
1650,4.5,Yes,480,854,4,1000,8,5,0.3,Android,Yes,Yes,Yes,2,Yes,No,2699
2500,5,Yes,720,1280,4,1000,8,5,5,Android,Yes,Yes,Yes,2,Yes,Yes,5429
2800,5.5,Yes,720,1280,4,1000,8,5,5,Android,Yes,Yes,Yes,2,Yes,Yes,5849
2450,5,Yes,480,854,4,1000,8,5,5,Android,Yes,Yes,Yes,2,Yes,No,3999
3000,5.2,Yes,1080,1920,8,2000,16,13,8,Android,Yes,Yes,Yes,1,No,Yes,16699
3100,5.5,Yes,720,1280,8,2000,16,13,8,Android,Yes,Yes,Yes,1,No,No,5999
3000,5.5,Yes,1440,2560,4,4000,32,21,8,Android,Yes,Yes,Yes,1,Yes,Yes,16999
4850,6.44,Yes,1080,1920,6,4000,128,16,5,Android,Yes,Yes,Yes,2,Yes,Yes,19999
4000,5,Yes,720,1820,4,2000,16,8,2,Android,Yes,Yes,Yes,2,Yes,Yes,6498
1800,4,Yes,480,800,4,1000,8,5,0.3,Android,Yes,Yes,Yes,2,No,Yes,3579
2900,5.5,Yes,854,480,4,1000,8,5,2,Android,Yes,Yes,Yes,2,Yes,No,2999
2800,5,Yes,480,854,4,2000,16,5,2,Android,Yes,Yes,Yes,2,Yes,Yes,5949
2730,5.2,Yes,1280,720,8,2000,16,8,5,Android,Yes,Yes,Yes,1,No,No,10450
2770,5,Yes,1080,1920,4,4000,32,12.3,8,Android,Yes,Yes,Yes,1,Yes,Yes,22299
2300,5,Yes,480,854,1,512,4,3.2,0.3,Android,Yes,Yes,Yes,2,Yes,No,3999
2000,4.5,Yes,480,854,1,1000,8,5,2,Android,No,Yes,Yes,2,No,No,4532
3100,5.5,Yes,720,1080,8,3000,32,13,5,Android,Yes,Yes,Yes,2,No,No,5999
4010,5.5,Yes,1080,1920,8,4000,32,13,8,Android,Yes,Yes,Yes,2,Yes,Yes,12050
2350,5,Yes,480,854,4,1000,8,5,5,Android,Yes,Yes,Yes,2,Yes,Yes,5500
3300,5.5,Yes,1080,1920,8,3000,16,13,5,Android,Yes,Yes,Yes,2,Yes,Yes,7999
2000,5,Yes,720,1280,4,2000,16,8,5,Android,Yes,Yes,Yes,2,Yes,Yes,4299
2000,5,Yes,720,1280,4,1000,8,8,2,Android,Yes,Yes,Yes,2,No,Yes,6990
1850,5,Yes,480,854,2,512,4,5,0.3,Android,Yes,Yes,No,2,No,No,2299
2600,5.5,Yes,720,1280,4,1000,8,8,5,Android,Yes,Yes,Yes,2,Yes,Yes,6400
1400,4,Yes,480,800,4,1000,8,5,0.3,Android,Yes,Yes,Yes,2,Yes,No,3195
2700,5.5,Yes,720,1280,4,2000,32,13,5,Android,Yes,Yes,Yes,2,Yes,Yes,16000
2400,5,Yes,720,1280,4,2000,16,13,5,Android,Yes,Yes,Yes,2,Yes,Yes,12499
3000,5,Yes,720,1280,4,3000,32,13,5,Android,Yes,Yes,Yes,2,Yes,Yes,8250
2300,5.5,Yes,720,1280,4,1000,16,8,2,Android,Yes,Yes,Yes,2,Yes,No,4333
2900,5.5,Yes,720,1280,4,2000,16,8,2,Android,Yes,Yes,Yes,2,Yes,Yes,6990
2300,5,Yes,720,1280,4,2000,16,8,2,Android,Yes,Yes,Yes,2,Yes,Yes,7300
2300,5,Yes,720,1280,4,1000,16,8,2,Android,Yes,Yes,Yes,2,Yes,Yes,7450
2000,4.5,Yes,480,854,4,512,8,5,1.3,Android,Yes,Yes,Yes,2,Yes,No,2799
1950,3.8,No,480,800,4,2000,16,8,5,Android,Yes,Yes,Yes,1,No,Yes,16990
2500,5,Yes,1280,720,4,1000,8,8,5,Android,Yes,Yes,Yes,2,Yes,Yes,5149
2200,5,Yes,480,854,4,2000,8,5,2,Android,Yes,Yes,Yes,2,Yes,No,2999
2000,4.5,Yes,480,854,4,1000,8,5,0.3,Android,Yes,Yes,Yes,2,Yes,Yes,2700
2300,5,Yes,720,1280,8,3000,16,13,5,Android,Yes,Yes,Yes,2,Yes,Yes,4060
2000,4.5,Yes,480,854,4,1000,16,5,2,Android,Yes,Yes,Yes,2,Yes,Yes,7100
2200,5,Yes,720,1280,6,2000,16,5,5,Android,Yes,Yes,Yes,2,Yes,No,4299
2600,5.5,Yes,1280,720,4,3000,16,13,8,Android,Yes,Yes,No,2,No,Yes,6499
1500,4,Yes,480,800,4,1000,8,5,0.3,Tizen,Yes,Yes,Yes,2,Yes,Yes,3599
3000,5.2,Yes,1080,1920,4,3000,16,13,5,Android,Yes,Yes,Yes,2,Yes,Yes,7000
2000,4.7,Yes,720,1280,4,2000,8,8,2,Android,Yes,No,Yes,2,Yes,Yes,6199
2000,5,Yes,480,854,4,1000,8,5,3.2,Android,Yes,Yes,Yes,2,Yes,No,3999
1400,4,No,480,800,4,512,4,2,0.3,Android,Yes,Yes,Yes,1,Yes,Yes,3990
2000,4,No,480,800,4,512,4,5,0.3,Android,Yes,Yes,No,1,No,No,4999
2250,5,Yes,720,1280,4,2000,16,8,5,Android,Yes,Yes,Yes,2,Yes,Yes,7499
1750,4,Yes,480,800,4,1000,8,5,2,Android,Yes,Yes,Yes,2,Yes,Yes,2499
3400,5.5,Yes,720,1280,4,2000,16,13,5,Android,Yes,Yes,Yes,2,Yes,Yes,6999
2070,4.5,Yes,480,854,4,1000,8,8,2,Android,Yes,Yes,Yes,2,Yes,Yes,4499
2000,4.5,Yes,480,854,4,1000,8,8,5,Android,Yes,Yes,Yes,2,Yes,Yes,2545
2920,5.5,Yes,720,1280,4,2000,16,8,2,Android,Yes,Yes,Yes,2,Yes,Yes,4999
2500,5,Yes,720,1280,4,2000,16,8,5,Android,Yes,Yes,Yes,2,Yes,Yes,7998
3000,5,Yes,720,1280,4,2000,16,13,5,Android,Yes,Yes,Yes,2,Yes,No,2990
4000,5,Yes,720,1280,4,1000,8,8,2,Android,Yes,Yes,Yes,2,Yes,Yes,6199
2850,6,Yes,720,1280,4,2000,16,8,2,Android,Yes,Yes,Yes,2,Yes,Yes,4995
2800,5,Yes,480,854,1,1000,8,5,2,Android,No,Yes,Yes,2,Yes,Yes,4600
3500,5.5,Yes,1080,1920,8,3000,32,13,8,Android,Yes,Yes,Yes,2,Yes,Yes,7990
2450,5,Yes,720,1280,4,3000,32,8,5,Android,Yes,Yes,Yes,2,Yes,Yes,5599
2400,4,Yes,800,480,4,512,8,2,0.3,Android,Yes,Yes,No,2,Yes,No,2190
2200,5,Yes,1280,720,4,2000,16,8,5,Android,Yes,Yes,Yes,1,Yes,No,6499
2600,5,Yes,720,1280,8,3000,16,13,5,Android,Yes,Yes,Yes,2,Yes,Yes,7900
2000,5,No,1280,720,4,1000,8,8,3.2,Android,Yes,Yes,No,2,Yes,No,3279
2600,5,Yes,720,1280,4,2000,16,8,5,Android,Yes,Yes,Yes,2,Yes,Yes,10480
2600,5.5,Yes,1080,1920,8,3000,16,13,13,Android,Yes,Yes,Yes,2,Yes,Yes,6000
2450,5,Yes,720,1280,4,1000,8,5,5,Android,Yes,Yes,Yes,2,Yes,No,4997
1500,4,Yes,480,800,1,256,0.512,2,0.3,Android,Yes,Yes,No,2,Yes,No,1999
1750,4.5,Yes,480,800,4,1000,8,5,0.3,Android,Yes,Yes,Yes,2,Yes,No,6999
2000,4.5,Yes,480,854,4,512,8,5,0.3,Android,Yes,Yes,Yes,2,Yes,No,2488
2800,5,Yes,480,854,4,1000,8,5,2,Android,Yes,Yes,Yes,2,Yes,No,3887
2350,5,Yes,720,1280,4,1000,8,8,5,Android,Yes,Yes,Yes,2,Yes,Yes,6600
2920,5,Yes,720,1280,1,2000,16,13,5,Android,Yes,Yes,Yes,2,Yes,Yes,4999
4100,5.2,Yes,720,1280,4,2000,16,13,5,Android,Yes,Yes,Yes,2,Yes,Yes,13990
4000,5,Yes,480,854,1,1000,8,8,5,Android,Yes,Yes,Yes,2,Yes,Yes,3299
3000,5.5,Yes,720,1280,4,2000,16,13,5,Android,Yes,Yes,Yes,2,Yes,Yes,5990
2600,5,Yes,720,1280,4,2000,16,8,5,Android,Yes,Yes,Yes,2,Yes,Yes,6480
2600,5,Yes,720,1280,4,1000,8,8,5,Android,Yes,Yes,Yes,1,Yes,Yes,5990
3800,5,Yes,720,1280,4,1000,8,8,2,Android,Yes,Yes,Yes,2,Yes,Yes,4995
5000,5.5,Yes,1080,1920,8,3000,32,13,13,Android,Yes,Yes,Yes,2,Yes,Yes,11999
3000,5.5,Yes,1080,1920,8,3000,32,16,5,Android,Yes,Yes,Yes,2,Yes,Yes,10990
2500,5.5,Yes,720,1280,4,2000,16,8,5,Android,Yes,Yes,Yes,2,Yes,Yes,4989
2200,4,Yes,480,800,4,512,4,2,0.3,Android,Yes,Yes,Yes,2,Yes,No,1999
3000,5.2,Yes,1080,1920,8,4000,64,13,16,Android,Yes,Yes,Yes,2,Yes,Yes,9999
2300,5,Yes,480,854,4,1000,8,5,2,Android,Yes,Yes,Yes,2,Yes,Yes,4890
3000,5.5,Yes,1080,1920,4,6000,64,16,8,Android,Yes,Yes,Yes,2,Yes,Yes,20999
2500,5,Yes,1080,1920,8,3000,32,13,13,Android,Yes,Yes,Yes,2,Yes,Yes,6990
2100,5,Yes,480,854,4,1000,8,5,0.3,Android,Yes,Yes,Yes,2,Yes,No,4790
2500,5.5,Yes,720,1280,4,1000,16,8,5,Android,Yes,Yes,Yes,2,Yes,No,7389
2630,5,Yes,720,1280,4,2000,16,8,5,Android,Yes,Yes,Yes,2,Yes,Yes,8666
2500,5,Yes,480,854,4,512,8,2,0.3,Android,Yes,Yes,Yes,2,Yes,No,2658
5000,5,Yes,720,1280,4,1000,8,8,5,Android,Yes,Yes,Yes,2,Yes,No,5499
4100,5,Yes,720,1280,8,2000,16,13,5,Android,Yes,Yes,Yes,2,Yes,Yes,6500
2200,5,Yes,720,1280,4,2000,16,8,5,Android,Yes,Yes,Yes,2,Yes,Yes,4899
3000,5.5,Yes,1080,1920,8,2000,16,13,5,Android,Yes,Yes,Yes,2,Yes,Yes,494
2300,5,Yes,720,1280,4,1000,8,8,5,Android,Yes,Yes,Yes,2,Yes,Yes,7000
2400,4,Yes,480,800,4,1000,8,5,2,Android,Yes,Yes,Yes,2,Yes,No,3590
1400,4,Yes,480,800,4,512,4,5,2,Android,Yes,Yes,Yes,2,Yes,No,2488
4050,6.4,Yes,720,1280,4,3000,32,13,5,Android,Yes,Yes,Yes,1,Yes,Yes,8999
4050,6.4,Yes,1440,2560,8,4000,64,16,8,Android,Yes,Yes,Yes,1,Yes,Yes,22999
2700,5,Yes,720,1280,4,3000,16,13,5,Android,Yes,Yes,Yes,2,Yes,Yes,4999
2000,5,Yes,720,1280,4,1000,8,8,5,Android,Yes,Yes,Yes,2,Yes,Yes,8399
2500,5,Yes,720,1280,4,2000,8,8,5,Android,Yes,Yes,Yes,2,Yes,Yes,9700
1800,4.5,Yes,480,584,4,1000,8,5,2,Android,Yes,Yes,Yes,2,Yes,Yes,4499
2600,5,Yes,720,1280,4,2000,16,8,5,Android,Yes,Yes,Yes,2,Yes,Yes,8299
1750,4,Yes,480,800,4,512,4,2,2,Android,Yes,Yes,No,2,Yes,Yes,1999
3050,5,Yes,1080,1920,8,2000,16,13,8,Android,Yes,Yes,Yes,2,Yes,Yes,2999
2000,5,Yes,480,854,4,1000,8,5,2,Android,Yes,Yes,Yes,2,Yes,No,8999
3000,5,Yes,720,1280,4,2000,16,8,5,Android,Yes,Yes,Yes,2,Yes,Yes,4500
3000,5.7,Yes,1080,1920,8,3000,16,16,8,Android,Yes,Yes,Yes,1,Yes,Yes,8999
4100,5.3,Yes,720,1280,4,2000,16,13,5,Android,Yes,Yes,Yes,2,Yes,Yes,6999
1400,4,Yes,480,800,4,512,8,2,0.3,Android,Yes,Yes,No,2,Yes,Yes,4199
1800,4.5,Yes,480,854,4,1000,8,5,2,Android,Yes,Yes,Yes,2,Yes,No,2639
1750,4.5,Yes,480,800,4,512,4,5,0.3,Android,Yes,Yes,No,2,Yes,No,4199
1300,4,Yes,480,800,4,512,4,2,0.3,Android,Yes,Yes,No,2,Yes,No,2399
4000,5,Yes,720,1280,4,3000,16,8,5,Android,Yes,Yes,Yes,2,Yes,Yes,5430
2200,5.5,Yes,480,800,4,1000,8,5,2,Android,Yes,Yes,Yes,2,Yes,No,4200
2500,5,Yes,720,1280,4,1000,8,8,8,Android,Yes,Yes,Yes,2,Yes,No,5970
1750,4.5,Yes,480,854,4,1000,8,5,5,Android,Yes,Yes,Yes,2,Yes,Yes,4299
2200,5,Yes,720,1280,4,1000,8,8,5,Android,Yes,Yes,Yes,2,Yes,Yes,4999
1900,4.5,Yes,480,854,4,1000,8,5,2,Android,Yes,Yes,Yes,2,Yes,Yes,4866
2800,5,Yes,720,1280,4,2000,16,8,5,Android,Yes,Yes,Yes,2,Yes,Yes,6990
2700,6,Yes,1080,1920,8,3000,16,21.5,16,Android,Yes,Yes,Yes,1,Yes,Yes,7999
2300,5,Yes,720,1280,4,1000,8,5,2,Android,Yes,Yes,Yes,1,Yes,Yes,4500
2200,5,Yes,720,1280,8,3000,32,13,5,Android,Yes,Yes,Yes,2,Yes,Yes,6498
4000,5,Yes,720,1280,4,1000,8,8,2,Android,Yes,Yes,Yes,2,Yes,Yes,5999
1500,4,Yes,480,800,4,1000,8,5,2,Android,Yes,Yes,Yes,2,Yes,Yes,3599
2000,5,Yes,480,800,4,512,4,5,2,Android,Yes,Yes,Yes,2,Yes,No,3399
2000,5,Yes,720,1280,4,3000,16,8,2,Android,No,No,No,2,Yes,Yes,4595
1800,4.5,Yes,480,854,4,1000,8,5,2,Android,Yes,Yes,No,2,Yes,Yes,3949
1450,4,Yes,480,800,4,512,4,0.3,0.3,Android,Yes,Yes,Yes,2,Yes,No,2666
2800,5.5,Yes,1080,1920,8,3000,32,13,4,Android,Yes,Yes,No,1,Yes,Yes,7999
3000,6,Yes,540,960,4,1000,8,8,5,Android,Yes,Yes,Yes,2,Yes,Yes,7530
2000,5,Yes,480,854,4,512,4,5,0.3,Android,Yes,Yes,Yes,2,Yes,No,1999
3000,5.2,Yes,1080,1920,8,2000,16,13,8,Android,Yes,Yes,Yes,2,Yes,No,9999
2700,5.5,Yes,720,1280,4,2000,16,13,5,Android,Yes,Yes,Yes,2,Yes,Yes,5549
3000,5.5,Yes,720,1280,4,3000,16,13,5,Android,Yes,Yes,Yes,2,Yes,Yes,7500
2070,4.5,Yes,480,854,4,1000,8,5,0.3,Android,Yes,Yes,Yes,2,Yes,No,3999
1500,4.5,Yes,480,854,4,1000,8,2,0.3,Android,Yes,Yes,Yes,2,Yes,No,4750
2540,5.5,Yes,720,1280,4,2000,16,13,8,Android,Yes,Yes,Yes,2,Yes,Yes,4999
3000,5.5,Yes,1080,1920,8,3000,32,16,8,Android,Yes,Yes,Yes,2,Yes,Yes,4500
3000,5.5,Yes,1080,1920,10,4000,32,21,8,Android,Yes,Yes,Yes,1,Yes,Yes,5890
2800,5,Yes,1080,1920,8,3000,64,16,8,Android,Yes,Yes,Yes,2,Yes,Yes,9999
2000,5,Yes,720,1280,4,1000,16,5,2,Android,Yes,Yes,Yes,2,Yes,No,4800
4000,6,Yes,1080,1920,8,3000,16,13,5,Android,Yes,Yes,Yes,2,Yes,Yes,6499
3000,5,Yes,480,854,4,1000,8,5,2,Android,Yes,Yes,Yes,2,Yes,No,4006
3000,5.2,Yes,1440,2560,8,3000,32,12,5,Android,Yes,Yes,Yes,1,Yes,Yes,9751
4100,5.5,Yes,1080,1920,8,2000,16,13,5,Android,Yes,Yes,No,2,Yes,Yes,5290
2500,5,Yes,720,1280,4,1000,8,5,2,Android,Yes,Yes,Yes,2,Yes,No,2690
2500,5,Yes,720,1280,4,2000,16,8,5,Android,Yes,Yes,Yes,2,Yes,Yes,4990
1850,4.5,Yes,480,854,4,1000,8,5,2,Android,Yes,Yes,Yes,2,Yes,No,4999
5000,6,Yes,1080,1920,8,4000,32,16,8,Android,Yes,Yes,Yes,2,Yes,Yes,19980
1400,4,Yes,480,800,4,512,4,2,2,Android,Yes,Yes,Yes,2,Yes,No,2199
3300,5.5,Yes,720,1080,8,2000,16,13,5,Android,Yes,Yes,Yes,2,Yes,Yes,13450
3100,5.2,Yes,720,1280,4,2000,16,13,5,Android,Yes,Yes,Yes,2,Yes,Yes,9999
2200,4.7,Yes,540,960,4,1000,16,8,5,Android,Yes,Yes,Yes,2,Yes,Yes,8599
2000,4,Yes,480,800,4,1000,8,3.2,1.3,Android,Yes,Yes,No,2,Yes,No,2200
2500,5,Yes,720,1280,4,2000,8,8,8,Android,Yes,Yes,Yes,2,Yes,Yes,4500
2200,5,Yes,720,1280,4,2000,16,13,5,Android,Yes,Yes,Yes,2,Yes,Yes,6600
1200,4,Yes,480,800,2,512,4,2,0.3,Android,Yes,Yes,Yes,2,Yes,No,1999
2500,5,Yes,480,854,4,1000,8,5,0.3,Android,Yes,Yes,Yes,2,Yes,No,3333
1700,4,Yes,480,800,4,768,4,2,0.3,Android,Yes,Yes,Yes,2,Yes,Yes,6500
1750,4.5,Yes,480,854,2,512,8,3.2,0.3,Android,Yes,Yes,Yes,2,Yes,No,1999
2300,4.5,Yes,850,480,4,1000,8,8,5,Android,Yes,Yes,Yes,2,Yes,Yes,4490
1600,4.5,Yes,480,854,4,1000,8,5,2,Android,Yes,Yes,Yes,2,Yes,No,6760
2200,5,Yes,480,854,4,1000,8,5,0,Android,Yes,Yes,Yes,2,Yes,No,3499
3050,5.5,Yes,1080,1920,8,4000,64,21,8,Android,Yes,Yes,Yes,2,Yes,Yes,6499
2600,5.5,Yes,1080,1920,8,3000,32,16,8,Android,Yes,Yes,Yes,2,Yes,Yes,7399
2300,5,Yes,480,854,2,1000,8,5,2,Android,Yes,Yes,Yes,2,Yes,No,2999
2250,5,Yes,480,854,4,1000,8,5,5,Android,Yes,Yes,Yes,2,Yes,Yes,3499
2300,5,Yes,720,1280,4,2000,16,13,5,Android,Yes,Yes,Yes,2,Yes,Yes,7999
3600,5.5,Yes,1080,1920,10,4000,32,21,8,Android,Yes,Yes,Yes,2,Yes,Yes,9980
2500,5,Yes,720,1280,4,2000,8,8,5,Android,Yes,Yes,Yes,2,Yes,Yes,4559
2500,5,Yes,720,1280,4,2000,16,8,2,Sailfish,Yes,Yes,Yes,2,Yes,Yes,4799
2500,5,Yes,720,1280,4,2000,16,8,8,Android,Yes,Yes,Yes,1,Yes,Yes,3840
2620,5,Yes,1080,1920,1,3000,32,23,13,Android,Yes,Yes,Yes,1,Yes,Yes,19990
2300,5,Yes,720,1280,8,2000,16,13,8,Android,Yes,Yes,Yes,1,Yes,Yes,7994
2700,5.5,Yes,720,1280,4,2000,16,13,5,Android,Yes,Yes,Yes,2,Yes,Yes,7890
2200,5,Yes,720,1280,4,2000,16,13,5,Android,Yes,Yes,Yes,2,Yes,Yes,10299
4150,5.96,Yes,1440,2560,4,4000,64,15,8,Windows,Yes,Yes,Yes,1,Yes,Yes,88719
2610,5.2,Yes,1080,1920,8,3000,16,13,8,Android,Yes,Yes,Yes,1,Yes,Yes,16999
3000,5,Yes,720,1280,4,2000,16,8,5,Android,Yes,Yes,Yes,2,Yes,Yes,6849
3000,5,Yes,480,854,4,1000,8,8,3.2,Android,Yes,Yes,Yes,2,Yes,No,4099
3000,5.7,Yes,720,1280,4,1000,16,13,8,Android,Yes,Yes,Yes,1,Yes,Yes,7999
2200,5,Yes,720,1280,4,3000,16,8,2,Android,Yes,Yes,Yes,2,Yes,Yes,6800
3000,5,Yes,720,1280,4,1000,8,5,2,Android,Yes,Yes,Yes,2,Yes,No,3099
2000,5,Yes,720,1280,4,1000,16,8,5,Windows,Yes,Yes,Yes,1,Yes,Yes,9990
2520,5.2,Yes,1080,1920,8,2000,16,13,8,Android,Yes,Yes,Yes,1,Yes,Yes,8000
2500,5,Yes,720,1280,4,1000,8,8,2,Android,Yes,Yes,Yes,2,Yes,Yes,2999
1400,4,Yes,480,800,4,512,4,2,2,Android,Yes,Yes,Yes,2,Yes,No,2799
2500,5,Yes,720,1280,4,2000,8,8,5,Android,Yes,Yes,Yes,2,Yes,Yes,7980
2000,5,Yes,720,1280,4,512,4,5,2,Android,Yes,Yes,Yes,2,Yes,Yes,4949
5000,5.5,Yes,1080,1920,8,3000,32,13,5,Android,Yes,Yes,Yes,2,Yes,Yes,7679
2500,5,Yes,720,1280,4,1000,8,5,2,Android,Yes,Yes,Yes,2,Yes,Yes,3990
1500,4,Yes,480,800,1,1000,8,5,0.3,Android,Yes,Yes,Yes,2,Yes,Yes,2990
1800,4.5,Yes,480,854,1,1000,8,5,2,Android,Yes,Yes,Yes,2,Yes,Yes,4999
3200,5,Yes,720,1280,4,2000,16,8,5,Android,Yes,No,Yes,2,Yes,No,5299
2000,4.5,Yes,480,854,4,1000,8,5,5,Android,Yes,Yes,Yes,2,Yes,Yes,5499
2500,5,Yes,720,1280,4,2000,8,8,5,Android,Yes,Yes,Yes,2,Yes,No,3999
2500,5,Yes,720,1280,4,2000,16,13.2,5,Android,Yes,Yes,Yes,2,Yes,Yes,12000
2600,5.5,Yes,720,1280,4,2000,16,13,8,Android,Yes,Yes,Yes,2,Yes,Yes,7599
3000,5,Yes,480,854,4,1000,8,5,2,Android,Yes,Yes,Yes,2,Yes,No,3995
2350,5,Yes,540,960,4,2000,16,8,5,Android,Yes,Yes,Yes,2,Yes,Yes,9099
3000,5.5,Yes,720,1280,4,3000,16,13,8,Android,Yes,Yes,Yes,2,Yes,Yes,8250
2400,5,Yes,720,1280,8,2000,16,13,5,Android,Yes,Yes,Yes,2,Yes,Yes,7750
2600,5,Yes,1080,1920,8,2000,16,13,5,Android,Yes,Yes,Yes,2,Yes,Yes,4800
3500,5.5,Yes,1080,1920,8,2000,16,13,8,Android,Yes,Yes,Yes,2,Yes,Yes,8990
2350,5,Yes,720,1280,8,3000,32,13,5,Android,Yes,Yes,Yes,2,Yes,Yes,13988
2500,5,No,720,1280,4,2000,16,8,5,Android,Yes,Yes,Yes,2,Yes,No,3599
2000,5,Yes,480,854,4,1000,8,5,2,Android,Yes,Yes,No,2,Yes,No,3449
2300,5,Yes,480,854,2,1000,8,2,0.3,Android,Yes,Yes,Yes,2,Yes,No,4690
1550,4,Yes,480,800,4,1000,8,5,0.3,Android,Yes,Yes,Yes,2,Yes,No,5199
2000,5,Yes,480,854,4,1000,8,5,2,Android,Yes,Yes,Yes,2,Yes,Yes,4777
1400,4,Yes,480,800,1,512,4,2,0.3,Android,Yes,Yes,Yes,2,Yes,No,2399
1400,4,Yes,480,800,1,256,0.512,2,0.3,Android,Yes,Yes,Yes,2,Yes,No,1999
2900,5.5,Yes,1080,1920,8,2000,16,13,5,Android,Yes,Yes,Yes,2,Yes,Yes,14000
2300,5,Yes,480,854,4,512,8,3.2,1.3,Android,Yes,Yes,Yes,2,Yes,No,4690
2580,6,Yes,720,1280,4,1000,16,8,5,Android,Yes,Yes,Yes,2,Yes,Yes,3998
2125,5,Yes,480,854,4,1000,8,5,5,Android,Yes,Yes,Yes,1,Yes,No,994
2300,5.3,Yes,720,1280,4,1000,8,13,5,Android,Yes,Yes,Yes,1,Yes,No,3994
1700,4.5,Yes,480,854,2,512,4,5,2,Android,Yes,Yes,Yes,2,Yes,No,3800
2000,5,Yes,480,854,4,512,8,5,2,Android,Yes,Yes,Yes,2,Yes,No,2899
2000,4.5,Yes,480,854,4,1000,8,2,0.3,Android,Yes,Yes,Yes,2,Yes,No,4290
2000,5,Yes,540,960,4,1000,8,8,3.2,Android,Yes,Yes,Yes,2,Yes,No,8700
2300,5,Yes,720,1280,4,1000,8,8,5,Android,Yes,Yes,Yes,2,Yes,No,7999
2900,5.5,Yes,540,960,4,1000,8,5,2,Android,Yes,Yes,Yes,2,Yes,No,3739
2200,5,Yes,720,1280,4,1000,8,13,5,Android,Yes,Yes,Yes,2,Yes,Yes,2950
2000,5,Yes,720,1280,4,1000,8,8,2,Android,Yes,Yes,Yes,2,Yes,Yes,4699
2000,4.5,Yes,480,854,4,512,8,2,0.3,Android,Yes,Yes,Yes,2,Yes,No,2199
2350,5,Yes,720,1280,4,3000,16,13,5,Android,Yes,Yes,Yes,2,Yes,Yes,4499
2100,5,Yes,720,1280,8,3000,16,13,5,Android,Yes,Yes,Yes,2,Yes,Yes,4150
3450,7,No,1024,600,4,1000,8,5,0.3,Android,Yes,Yes,Yes,2,Yes,No,6199
3100,5.5,Yes,720,1280,4,2000,16,13,5,Android,Yes,Yes,Yes,2,Yes,Yes,8999
2200,5.5,Yes,720,1280,4,1000,8,8,5,Android,Yes,Yes,Yes,2,No,No,3999
2500,5.5,Yes,720,1280,4,3000,16,13,5,Android,Yes,Yes,Yes,2,Yes,Yes,4790
2000,4.7,Yes,720,1280,4,1000,8,8,5,Android,Yes,Yes,Yes,2,Yes,Yes,4990
2000,5,Yes,720,1280,8,1000,16,5,2,Android,Yes,Yes,Yes,2,Yes,No,6999
2800,5,Yes,720,1280,8,2000,16,13,8,Android,Yes,Yes,No,2,Yes,No,2900
2500,5.5,Yes,720,1280,8,2000,16,13,5,Android,Yes,Yes,Yes,2,Yes,Yes,6990
3300,5.5,Yes,1080,1920,8,3000,16,13,5,Android,Yes,Yes,Yes,1,Yes,Yes,9999
2200,5,Yes,720,1280,8,1000,8,8,5,Android,Yes,Yes,No,2,Yes,No,6390
1600,4.5,Yes,480,854,4,1000,8,2,0.3,Android,Yes,Yes,No,2,Yes,No,2999
2500,5,Yes,854,480,4,1000,8,5,2,Android,Yes,Yes,Yes,2,Yes,Yes,7499
2900,5,Yes,720,1280,4,3000,16,13,5,Android,Yes,Yes,Yes,2,Yes,Yes,12000
4000,5,Yes,720,1280,4,1000,8,5,2,Android,Yes,Yes,Yes,2,Yes,No,4999
2000,4.5,Yes,480,854,4,1000,8,5,0.3,Android,Yes,Yes,Yes,2,Yes,No,2999
2600,5,Yes,720,1280,4,1000,8,8,5,Android,Yes,Yes,Yes,1,Yes,Yes,4999
2300,5,Yes,480,854,2,512,8,2,0.3,Android,Yes,Yes,Yes,2,Yes,No,4090
2000,5,Yes,720,1280,4,2000,16,8,2,Android,Yes,Yes,Yes,2,Yes,Yes,4050
1750,4.5,Yes,480,854,4,1000,8,8,2,Android,Yes,Yes,Yes,2,Yes,Yes,3799
2150,5,Yes,720,1280,4,3000,16,8,2,Android,Yes,Yes,Yes,2,Yes,Yes,5849
1400,4,Yes,480,800,1,256,0.512,0.3,0.3,Android,Yes,Yes,Yes,2,Yes,No,2199
2000,4.5,Yes,480,854,4,512,8,2,0.3,Android,Yes,Yes,Yes,2,Yes,No,2199
2100,5,Yes,480,854,4,1000,8,8,3.2,Android,Yes,Yes,Yes,2,Yes,Yes,4699
3150,5.5,Yes,720,1280,8,3000,16,13,5,Android,Yes,Yes,Yes,2,Yes,Yes,6490
2600,5.5,Yes,720,1280,4,2000,16,13,8,Android,Yes,Yes,Yes,2,Yes,Yes,6990
2800,5.5,Yes,1080,1920,8,2000,16,13,4,Android,Yes,Yes,Yes,2,Yes,Yes,7999
2800,5.5,Yes,720,1280,8,1000,16,13,5,Android,Yes,Yes,Yes,2,Yes,No,11586
2500,5,Yes,480,854,4,1000,8,5,0.3,Android,Yes,Yes,Yes,2,Yes,No,4900
1400,4,Yes,480,800,2,512,8,0.3,0.3,Android,Yes,Yes,Yes,2,Yes,No,4299
2400,5,Yes,1080,1920,8,3000,32,13,5,Android,Yes,Yes,Yes,2,Yes,Yes,9999
2000,4.5,Yes,480,854,4,1000,8,5,2,Android,Yes,Yes,Yes,2,Yes,No,2490
2000,4,Yes,480,800,1,256,0.512,2,0.3,Android,Yes,Yes,Yes,2,Yes,No,2599
2420,5,Yes,540,960,4,1000,16,8,5,Android,Yes,Yes,Yes,2,Yes,Yes,8200
3000,5.5,Yes,720,1280,4,1000,8,13,5,Android,Yes,Yes,Yes,2,Yes,Yes,9977
2000,5,Yes,480,854,4,512,2,5,2,Android,Yes,Yes,Yes,2,Yes,No,2399
2600,5,Yes,720,1280,4,1000,8,8,5,Android,Yes,Yes,Yes,2,Yes,Yes,4655
2000,4,Yes,480,800,4,1000,8,5,0.3,Android,Yes,Yes,Yes,2,Yes,No,3549
2300,5,Yes,720,1280,4,2000,16,13,5,Android,Yes,Yes,Yes,2,Yes,Yes,5990
4000,5,Yes,480,854,4,2000,8,8,2,Android,Yes,Yes,Yes,2,Yes,No,8700
2000,5,Yes,720,1280,4,1000,8,5,0.3,Android,Yes,Yes,Yes,2,Yes,No,5300
2500,5,Yes,720,1280,4,3000,16,8,5,Android,Yes,Yes,Yes,2,Yes,Yes,9300
3000,5.5,Yes,1080,1920,8,3000,16,13.2,5,Android,Yes,Yes,Yes,1,Yes,Yes,6499
1450,4,Yes,480,800,4,512,4,2,1.3,Android,Yes,Yes,Yes,2,Yes,No,2240
2000,5,Yes,480,854,4,512,4,5,2,Android,Yes,Yes,Yes,2,Yes,No,2999
2600,5,Yes,720,1280,4,1000,8,8,5,Tizen,Yes,Yes,Yes,2,Yes,No,4990
2910,5.5,Yes,720,1280,4,1000,8,8,2,Android,Yes,Yes,Yes,2,Yes,No,8499
2150,5,Yes,720,1280,4,1000,8,8,2,Android,Yes,Yes,Yes,2,Yes,No,3899
2800,5.2,Yes,1080,1920,8,3000,32,13,8,Android,Yes,Yes,Yes,1,Yes,Yes,5900
1700,4.5,Yes,480,854,2,512,8,5,2,Android,Yes,Yes,Yes,2,Yes,No,3840
2100,4.7,Yes,720,1280,4,1000,8,5,2,Windows,Yes,Yes,Yes,1,Yes,Yes,5398
3000,5.2,Yes,1440,2560,6,3000,32,20,5,Windows,Yes,Yes,Yes,1,Yes,Yes,41390
3340,5.7,Yes,1440,2560,8,3000,32,20,5,Windows,Yes,Yes,Yes,1,Yes,Yes,24999
1650,4.5,Yes,480,854,4,512,4,5,2,Android,Yes,Yes,Yes,2,Yes,No,2999
3000,5.7,Yes,1440,2560,6,4000,64,16,5,Android,Yes,Yes,Yes,1,Yes,Yes,14999
3000,5,Yes,480,854,4,1000,1,8,5,Android,Yes,Yes,Yes,2,Yes,No,5399
2000,5,Yes,480,854,4,1000,8,5,2,Android,Yes,Yes,Yes,2,Yes,No,2799
1900,4.5,Yes,854,480,4,1000,8,5,2,Android,Yes,Yes,Yes,2,Yes,No,4999
1800,4.3,Yes,480,800,2,512,4,5,2,Android,Yes,Yes,Yes,2,Yes,No,4300
2260,4.7,Yes,720,1280,4,1000,16,8,5,Android,Yes,Yes,Yes,2,Yes,Yes,9001
2820,5.5,Yes,720,1280,4,2000,16,13,5,Android,Yes,Yes,Yes,2,Yes,Yes,4499
2000,4,Yes,480,800,1,512,8,5,0.3,Android,Yes,Yes,Yes,2,Yes,No,2499
2000,4.5,Yes,480,854,4,1000,8,5,2,Android,Yes,Yes,Yes,2,Yes,Yes,3199
2000,4.5,Yes,480,485,4,1000,16,5,0.3,Android,Yes,Yes,Yes,2,Yes,No,3299
2000,5,Yes,720,1280,4,1000,8,8,5,Android,Yes,Yes,Yes,2,Yes,No,4970
4000,5,Yes,720,1280,4,1000,8,5,2,Android,Yes,Yes,Yes,2,Yes,No,5990
4000,5.5,Yes,720,1280,4,2000,16,8,5,Android,Yes,Yes,Yes,2,Yes,No,5990
1850,4.7,Yes,720,1280,4,1000,8,8,8,Android,Yes,Yes,Yes,2,Yes,No,4295
2000,5,Yes,720,1280,4,2000,16,13,8,Android,Yes,Yes,Yes,2,Yes,Yes,3999
4000,5,Yes,720,1280,4,2000,8,8,2,Android,Yes,Yes,Yes,2,Yes,No,4290
2800,5.5,Yes,720,1280,8,2000,16,13,5,Android,Yes,Yes,Yes,2,No,Yes,5999
3900,5,Yes,720,1280,4,2000,16,8,5,Android,Yes,Yes,Yes,2,Yes,Yes,6999
3430,5.5,Yes,2160,3840,8,3000,32,23,5,Android,Yes,Yes,Yes,2,Yes,Yes,57500
2420,5,Yes,720,1280,4,2000,16,8,8,Android,Yes,Yes,Yes,1,Yes,Yes,5750
1850,4.5,Yes,480,854,4,1000,8,5,2,Android,Yes,Yes,Yes,2,Yes,Yes,3999
2000,5,Yes,480,854,4,512,8,8,2,Android,Yes,Yes,Yes,2,Yes,No,3699
1800,4.5,Yes,480,854,4,1000,1,8,3.2,Android,Yes,Yes,Yes,2,Yes,No,4995
2200,5,Yes,720,1280,8,1000,8,8,5,Android,Yes,Yes,Yes,2,Yes,No,5499
3000,5,Yes,720,1280,4,1000,8,5,2,Android,Yes,Yes,Yes,2,Yes,Yes,5649
2500,5,Yes,1080,1920,8,3000,16,13.2,5,Android,Yes,Yes,Yes,2,Yes,Yes,3990
2910,5.5,Yes,1080,1920,8,2000,32,13,8,Android,Yes,Yes,Yes,2,Yes,Yes,14990
1500,4,Yes,480,800,4,512,4,2,0.3,Android,Yes,Yes,Yes,2,Yes,No,2399
2000,4.5,Yes,480,854,4,1000,8,5,2,Android,Yes,Yes,Yes,2,Yes,Yes,6000
1400,4,Yes,400,800,1,256,0.512,2,0.3,Android,Yes,Yes,No,2,Yes,No,2222
1800,4.5,Yes,480,854,4,1000,8,5,0.3,Android,Yes,Yes,Yes,2,Yes,Yes,4650
2000,5,Yes,720,1280,4,1000,8,8,2,Android,Yes,Yes,Yes,2,Yes,Yes,5830
2500,5.5,Yes,540,960,4,1000,8,8,2,Android,Yes,Yes,Yes,2,Yes,Yes,3990
1750,4.5,Yes,854,480,4,512,8,5,0.3,Android,Yes,Yes,No,1,Yes,No,4299
2000,5,Yes,540,960,4,512,8,8,0.3,Android,Yes,Yes,Yes,2,Yes,No,3499
2000,5,Yes,540,960,4,512,8,5,0.3,Android,Yes,Yes,Yes,2,Yes,No,3899
1600,4,Yes,480,800,2,512,4,5,0.3,Android,Yes,Yes,Yes,1,Yes,No,3199
1700,4.5,Yes,540,960,4,2000,16,8,5,Android,Yes,Yes,Yes,2,Yes,No,4499
2500,5,Yes,720,1280,4,1000,8,8,2,Windows,Yes,Yes,No,2,Yes,Yes,4500
1600,4.5,Yes,480,854,4,512,8,5,1.3,Android,Yes,Yes,Yes,2,Yes,No,4449
2300,5.5,Yes,720,1280,4,1000,8,8,2,Android,Yes,Yes,Yes,2,Yes,No,8200
3000,6,Yes,1080,1920,8,3000,16,13,5,Android,Yes,Yes,Yes,2,Yes,Yes,8999
2300,5,Yes,720,1280,4,2000,16,13,5,Android,Yes,Yes,Yes,2,No,Yes,5999
2500,5,Yes,720,1280,4,2000,16,13,8,Android,Yes,Yes,Yes,1,Yes,Yes,6999
2070,5,Yes,720,1280,4,2000,8,13,5,Android,Yes,Yes,Yes,2,Yes,Yes,5990
2600,5,Yes,1080,1920,8,3000,16,21.5,13,Android,Yes,Yes,Yes,1,Yes,Yes,5999
2930,6,Yes,1080,1920,8,2000,16,13,13,Android,Yes,Yes,Yes,1,Yes,Yes,25990
2000,4.5,Yes,854,480,4,1000,8,8,5,Android,Yes,Yes,Yes,2,Yes,No,2999
2450,5.2,Yes,1080,1920,8,2000,16,13,5,Android,Yes,Yes,No,1,Yes,Yes,4490
1400,3.5,Yes,480,800,2,512,4,2,0.3,Android,Yes,Yes,No,2,Yes,No,2000
3000,6,Yes,720,1280,4,1000,8,8,5,Android,Yes,Yes,No,2,Yes,No,5000
2000,5,Yes,480,854,4,1000,8,5,2,Android,Yes,Yes,Yes,2,Yes,No,2999
2900,4,Yes,480,800,4,512,4,5,2,Android,Yes,Yes,Yes,2,Yes,No,4050
2540,5,Yes,480,854,4,1000,8,8,5,Android,Yes,Yes,Yes,2,Yes,No,3999
1800,4.7,Yes,720,1280,4,2000,16,8,5,Android,Yes,Yes,Yes,2,Yes,No,3990
1500,4,Yes,480,800,4,512,4,3,0.3,Android,Yes,Yes,Yes,2,Yes,No,2990
1250,3.5,Yes,320,480,1,256,0.512,2,0.3,Android,Yes,Yes,Yes,2,Yes,No,2499
1450,4,Yes,480,800,1,512,4,3.2,1.3,Android,Yes,Yes,Yes,2,Yes,No,3500
1300,4,Yes,480,800,2,512,4,3.2,0.3,Android,Yes,Yes,Yes,2,Yes,No,2984
2300,5,Yes,720,1280,4,2000,16,13,5,Android,Yes,Yes,Yes,2,Yes,Yes,15300
2050,5,Yes,720,1280,8,2000,16,13,5,Android,Yes,Yes,Yes,2,Yes,No,5529
2100,5,Yes,854,480,4,1000,8,8,2,Android,Yes,Yes,Yes,2,Yes,No,3699
1400,4,Yes,480,800,4,1000,8,5,0.3,Android,Yes,Yes,Yes,2,Yes,No,3599
1500,4,Yes,480,800,4,512,8,5,0.3,Android,Yes,Yes,Yes,2,Yes,No,2599
2000,5,Yes,480,854,4,1000,8,8,5,Android,Yes,Yes,Yes,2,Yes,No,2940
1700,4.5,Yes,480,854,2,512,4,5,2,Android,Yes,Yes,No,2,Yes,No,2999
1250,4,Yes,480,800,1,256,0.512,2,0.3,Android,Yes,Yes,Yes,2,Yes,No,2498
2150,5,Yes,480,854,4,1000,8,8,0,Android,Yes,Yes,Yes,2,Yes,No,3999
